Recency,Frequency,Monetary,Cluster
325,2,0.0,0
1,11,4196.01,0
0,224,29072.1,3
3,8,3868.2,0
2,4,942.34,0
213,1,92.72,0
70,3,918.98,0
74,5,1759.5,0
59,1,397.12,0
2,8,1468.1200000000001,0
5,3,430.15000000000003,0
2,6,1018.71,0
321,3,253.05,0
37,7,6748.4,0
261,1,215.05,0
31,2,383.03,0
144,1,417.38,0
282,1,312.38,0
58,4,2612.86,0
172,1,134.1,0
33,2,683.13,0
2,16,5583.62,0
143,6,2714.27,0
4,26,3876.4,0
69,2,1118.99,0
65,9,1680.76,0
28,2,325.96000000000004,0
266,4,354.09,0
21,1,871.54,0
30,2,1050.8899999999999,0
96,1,135.18,0
289,2,299.75,0
107,9,1881.7,0
78,5,1289.15,0
372,1,38.1,0
7,8,2162.68,0
210,2,1106.4,0
51,2,504.2,0
137,1,147.12,0
25,10,3986.22,0
185,6,1607.0600000000002,0
365,1,-14.899999999999999,0
83,2,380.64,0
326,2,599.97,0
281,1,374.0,0
142,2,343.2300000000001,0
3,12,1535.77,0
17,3,841.64,0
44,4,552.5699999999999,0
275,1,298.0,0
8,2,1463.04,0
24,4,703.47,0
87,1,309.05,0
62,4,1158.27,0
67,3,1351.09,0
213,4,313.77,0
23,1,380.46999999999997,0
185,3,331.0,0
30,1,188.14,0
41,3,347.3,0
204,2,216.5,0
8,36,16293.1,3
264,1,138.68,0
17,2,509.58,0
11,5,2919.81,0
58,4,246.0,0
39,8,2128.83,0
22,8,3075.04,0
2,5,1662.3,0
4,5,2483.63,0
148,2,363.65,0
138,5,2982.35,0
127,1,594.0,0
7,8,1301.44,0
16,1,164.23,0
3,50,16389.74,3
160,1,405.38,0
63,1,176.97,0
87,5,929.95,0
4,2,694.05,0
34,5,2062.7000000000003,0
121,2,105.1,0
77,4,409.9,0
21,20,33462.81,3
23,4,606.28,0
1,8,2156.45,0
16,5,1012.9,0
14,4,1504.27,0
25,1,114.14,0
63,8,11581.8,3
45,4,876.29,0
130,3,683.9,0
300,1,-3.75,0
35,2,604.51,0
287,1,462.95,0
143,11,1407.29,0
15,8,2053.7,0
30,10,4143.02,0
1,3,1843.0,0
8,8,1042.07,0
5,5,1382.8400000000001,0
9,1,329.85,0
0,14,4734.26,0
305,1,108.07,0
3,12,3979.04,0
6,2,266.39,0
7,9,1841.03,0
88,1,771.91,0
9,1,160.18,0
2,4,1194.75,0
111,1,135.95,0
6,4,452.24,0
3,89,10930.26,3
197,1,144.8,0
211,1,738.6,0
155,1,39.239999999999995,0
155,12,7092.06,0
29,2,372.21999999999997,0
239,2,377.2,0
18,1,97.5,0
0,3,1215.6200000000001,0
73,3,545.0,0
291,1,535.32,0
2,19,6854.51,0
30,3,409.5,0
22,2,503.76,0
22,4,414.76,0
3,5,902.22,0
77,2,200.72,0
21,7,1197.94,0
195,3,455.88,0
106,3,534.85,0
3,15,9797.92,3
317,1,120.94999999999999,0
105,3,149.05,0
11,22,5613.43,0
173,3,468.95,0
55,1,81.57,0
322,2,178.46999999999997,0
371,1,50.550000000000004,0
8,11,1311.6200000000001,0
0,15,4786.99,0
2,16,3365.43,0
52,5,3346.28,0
72,3,789.89,0
6,1,204.0,0
15,29,7272.75,0
3,12,2584.4,0
63,2,689.9,0
0,8,936.15,0
113,6,6912.0,0
22,3,659.68,0
30,3,1247.5,0
10,2,799.48,0
38,3,996.52,0
356,1,190.55,0
54,2,642.77,0
57,3,886.63,0
137,3,881.07,0
79,3,908.46,0
8,2,676.99,0
253,2,471.57,0
290,1,560.47,0
98,1,305.28000000000003,0
30,2,629.31,0
31,18,3079.1,0
13,5,1805.91,0
63,2,656.6800000000001,0
8,28,5684.61,0
211,1,348.15000000000003,0
63,4,1201.96,0
24,3,271.40000000000003,0
249,1,183.4,0
253,1,307.53,0
71,1,248.61,0
190,1,346.98,0
12,4,1119.49,0
372,1,205.86,0
23,3,430.9,0
81,1,115.46000000000001,0
9,2,344.0,0
0,27,3717.82,0
191,1,228.8,0
266,1,177.15,0
129,1,919.61,0
0,4,729.27,0
0,43,12432.28,3
3,5,220.10000000000002,0
178,1,58.08,0
0,21,27964.48,3
125,10,3595.48,0
3,2,303.75,0
157,3,272.38,0
2,118,57385.88,2
8,18,8689.39,3
20,2,319.82,0
70,6,459.83,0
266,13,7741.47,3
20,16,1708.8600000000001,0
70,1,74.39999999999999,0
32,14,5893.32,0
0,41,28658.88,3
98,1,207.35999999999999,0
233,1,101.19,0
0,27,6336.29,0
39,1,243.94,0
2,6,1098.48,0
128,2,59.5,0
43,5,1524.07,0
372,1,350.06,0
2,5,766.84,0
30,8,1452.8700000000001,0
0,40,10510.0,3
8,14,2205.63,0
116,2,485.19,0
21,8,984.91,0
19,7,1125.0,0
238,1,30.599999999999998,0
268,2,254.73,0
93,2,922.39,0
89,3,3866.33,0
4,10,2056.29,0
77,1,259.17,0
93,1,64.0,0
22,4,1039.3,0
261,1,77.3,0
273,2,109.8,0
72,7,1740.63,0
196,1,3096.0,0
49,11,2545.38,0
10,9,3605.08,0
21,6,962.39,0
15,8,5055.79,0
107,3,423.72,0
84,6,2385.8,0
18,1,307.09,0
332,1,110.95,0
39,5,614.77,0
25,1,228.91,0
9,4,712.8000000000001,0
28,17,3348.48,0
13,4,1676.06,0
202,2,1250.3700000000001,0
5,1,486.22,0
143,1,-611.86,0
32,4,971.76,0
48,5,1721.57,0
94,4,1201.06,0
8,5,1379.75,0
21,1,91.8,0
312,1,112.75,0
121,5,1644.99,0
45,2,1021.48,0
281,2,414.7,0
18,4,791.33,0
35,5,1310.14,0
63,2,712.88,0
26,1,116.00999999999999,0
7,5,426.81,0
3,2,353.65,0
15,3,2817.03,0
45,1,492.84,0
64,1,282.45,0
25,11,5725.47,0
44,1,121.18,0
7,9,3957.78,0
14,12,1648.79,0
267,1,71.4,0
39,5,1539.69,0
336,1,236.02,0
10,1,114.60000000000001,0
18,2,260.68,0
94,2,911.94,0
60,1,117.88,0
135,1,60.7,0
10,4,1797.78,0
9,8,3384.09,0
3,39,9803.96,3
18,4,870.09,0
9,4,869.46,0
14,2,250.26000000000002,0
58,7,1205.9,0
29,11,5820.16,0
93,1,353.48,0
9,3,1197.42,0
8,4,780.58,0
56,6,1518.43,0
267,1,333.74,0
121,5,133.62,0
126,1,62.63999999999999,0
77,4,819.2900000000001,0
239,2,847.41,0
199,2,163.20000000000002,0
59,3,2150.85,0
2,8,6083.04,0
272,1,108.21000000000001,0
201,1,257.7,0
80,1,358.0,0
225,1,160.95,0
3,15,2763.41,0
12,7,1357.6,0
73,2,605.12,0
211,2,101.17000000000007,0
23,3,727.27,0
10,5,680.83,0
261,1,329.56,0
95,4,663.65,0
111,3,270.40000000000003,0
202,1,600.07,0
92,1,121.74000000000001,0
50,1,430.5,0
17,7,1922.1,0
17,4,501.12,0
124,2,465.68,0
91,3,711.41,0
156,2,1030.4,0
3,3,390.66,0
13,1,0.0,0
11,3,698.58,0
61,1,292.32,0
60,1,557.62,0
268,2,944.1,0
262,1,200.29,0
0,35,7454.07,0
52,5,2107.66,0
10,19,3717.67,0
2,27,4404.44,0
17,15,3167.64,0
0,17,5315.92,0
365,1,590.0,0
36,2,178.26,0
30,2,276.56,0
112,1,138.98,0
63,2,590.9300000000001,0
15,4,258.4,0
40,1,542.73,0
63,2,126.30000000000001,0
121,3,814.86,0
17,6,1047.8400000000001,0
59,2,93.66,0
322,2,196.15,0
22,4,2709.12,0
155,1,361.11,0
38,2,578.9399999999999,0
189,2,873.74,0
359,2,197.95000000000002,0
136,1,87.4,0
7,4,2089.85,0
0,1,360.0,0
267,1,142.5,0
164,2,365.29,0
103,4,618.09,0
154,1,63.75,0
350,1,300.42,0
3,10,2000.86,0
119,1,15.0,0
22,4,1367.6100000000001,0
6,5,1456.79,0
8,6,1083.63,0
3,2,598.57,0
21,5,1555.32,0
1,4,578.66,0
36,5,5815.49,0
63,9,2140.07,0
0,3,640.76,0
4,36,10664.34,3
69,6,1491.7,0
71,2,567.36,0
16,1,199.48000000000002,0
2,5,787.85,0
31,12,7072.8,0
81,1,675.3,0
38,9,3617.57,0
315,1,1308.48,0
31,4,740.4,0
92,3,1140.93,0
13,1,350.9,0
81,3,3536.82,0
76,1,795.12,0
153,3,431.82,0
200,1,860.12,0
44,7,10736.48,3
260,1,775.85,0
172,2,303.93,0
67,3,2543.72,0
276,2,377.6,0
69,1,341.36,0
63,1,233.76,0
10,1,247.32,0
15,3,910.72,0
65,1,373.94,0
7,2,389.28,0
70,1,743.53,0
121,1,674.7,0
79,1,768.24,0
256,1,609.95,0
268,1,439.03,0
58,2,431.26,0
2,5,3085.4900000000002,0
17,2,992.5,0
66,2,0.0,0
8,3,2191.22,0
49,1,56.160000000000004,0
256,2,623.4,0
353,2,263.75,0
365,2,721.32,0
89,1,378.64,0
60,3,3312.25,0
80,2,772.9,0
98,3,1019.76,0
25,3,572.56,0
20,7,3626.81,0
280,1,222.99,0
30,9,4122.28,0
329,1,534.57,0
120,3,627.15,0
10,3,797.96,0
74,1,544.08,0
203,1,59.8,0
1,10,2312.8,0
184,1,307.72,0
21,4,1325.29,0
72,6,1539.18,0
191,1,457.34,0
126,2,621.23,0
17,1,75.0,0
0,2,252.49,0
73,3,572.451,0
1,81,27487.41,3
8,7,988.91,0
106,1,213.55,0
133,3,1390.5,0
43,2,712.5,0
4,2,640.83,0
11,23,5845.44,0
63,1,221.06,0
134,4,140.35,0
39,3,1848.98,0
50,2,2601.55,0
107,3,1624.21,0
0,12,3550.7000000000003,0
18,3,582.6,0
9,1,218.47,0
10,4,1006.8,0
18,4,648.6899999999999,0
66,2,1269.1,0
73,2,534.24,0
4,9,3794.4900000000002,0
1,1,196.89,0
13,7,3408.06,0
254,1,283.71,0
91,1,296.64,0
22,4,1104.23,0
16,10,3465.67,0
23,1,291.88,0
26,6,2043.7199999999998,0
25,6,2916.45,0
258,2,590.0,0
165,2,356.97999999999996,0
24,4,1007.35,0
17,7,1737.8200000000002,0
6,22,9537.92,3
28,2,183.44,0
38,3,1445.0,0
182,2,143.25,0
57,1,674.68,0
99,2,297.95,0
10,2,1083.71,0
1,41,5656.75,0
98,2,165.0,0
0,4,2531.58,0
60,3,417.54,0
235,1,229.59,0
190,4,1431.78,0
178,4,1092.77,0
37,8,1441.53,0
197,3,291.0,0
45,8,1776.81,0
231,1,184.64,0
65,1,140.34,0
240,1,313.8,0
232,1,454.24,0
77,3,1122.41,0
57,3,575.4,0
16,17,8910.61,3
104,4,449.52,0
51,10,1215.82,0
311,1,316.26000000000005,0
7,6,1990.1200000000001,0
10,3,617.93,0
282,3,321.05,0
17,7,1146.96,0
22,4,1136.77,0
16,3,292.0,0
70,1,216.85,0
63,1,295.93,0
311,3,452.82,0
2,4,2479.16,0
243,1,110.97,0
8,7,979.72,0
0,5,1785.16,0
260,1,251.21,0
126,1,205.1,0
73,1,152.20000000000002,0
72,4,891.12,0
20,3,1389.41,0
59,5,2109.07,0
85,1,659.4399999999999,0
49,2,110.80000000000001,0
0,3,1093.65,0
29,1,125.80000000000001,0
32,6,3755.38,0
40,5,680.1800000000001,0
14,2,628.78,0
33,8,2263.76,0
78,2,307.76,0
204,2,483.8,0
33,1,210.31,0
182,3,270.79,0
1,43,5613.08,0
0,7,3448.29,0
42,7,1280.85,0
85,4,605.84,0
39,2,291.41,0
11,3,626.99,0
95,2,682.41,0
25,8,916.12,0
318,1,91.80000000000001,0
65,16,3539.53,0
73,4,4149.28,0
27,2,584.06,0
5,4,605.06,0
6,1,174.37,0
215,1,141.85999999999999,0
81,3,1799.33,0
83,2,777.53,0
143,5,647.74,0
18,2,240.22,0
40,2,874.71,0
172,1,192.85,0
16,2,373.75,0
242,1,239.49,0
12,12,2092.32,0
205,1,1384.25,0
49,2,294.4,0
22,5,732.0699999999999,0
9,20,6703.3,0
24,5,1658.3,0
14,2,467.04,0
308,1,118.0,0
155,1,781.03,0
306,1,142.4,0
31,3,347.0,0
15,13,2445.12,0
14,2,379.65,0
10,7,1976.12,0
64,3,1117.13,0
35,4,247.95999999999998,0
107,6,1990.28,0
52,1,396.97,0
5,2,697.04,0
46,2,167.42000000000002,0
0,33,5030.6,0
311,1,219.52,0
44,2,693.32,0
64,1,428.89,0
25,1,164.34,0
28,3,280.53999999999996,0
39,1,678.01,0
11,9,1115.43,0
88,4,1158.2,0
23,4,1610.46,0
312,2,399.99,0
39,3,544.18,0
173,1,177.34,0
116,1,213.85,0
30,7,672.44,0
252,1,257.23,0
58,7,1624.02,0
22,11,7792.36,3
4,11,1995.68,0
99,12,3021.77,0
24,6,2117.02,0
32,5,1575.16,0
67,1,1071.03,0
36,6,941.62,0
51,3,810.5,0
15,1,122.64,0
73,1,1033.34,0
215,1,354.8,0
30,3,519.44,0
8,5,2597.52,0
119,1,252.1,0
9,5,1670.22,0
256,2,346.6,0
16,7,1809.34,0
34,2,94.2,0
45,3,1095.08,0
42,6,2707.33,0
113,2,932.97,0
164,2,379.65,0
10,2,382.14,0
9,7,2421.47,0
196,3,1550.85,0
85,7,879.08,0
178,1,189.47,0
59,3,84.65,0
148,1,305.02,0
2,29,6216.07,0
50,2,218.55,0
74,1,349.7,0
300,6,-71.46,0
18,2,396.92,0
150,2,486.82000000000005,0
151,1,232.6,0
0,5,2202.31,0
17,4,827.83,0
186,1,59.5,0
285,2,64.23,0
2,7,3119.44,0
182,1,72.0,0
62,1,910.0,0
58,1,172.25,0
24,5,1466.8700000000001,0
324,2,-32.0,0
3,60,62653.1,2
30,15,2504.13,0
38,1,151.29999999999998,0
154,1,308.58000000000004,0
25,10,2265.12,0
317,1,99.5,0
4,10,2295.31,0
7,3,711.86,0
302,1,330.79,0
266,2,806.41,0
270,1,296.88,0
3,17,6249.110000000001,0
31,1,180.48,0
218,2,252.06,0
246,1,228.84,0
280,8,1053.94,0
268,1,138.28,0
31,7,1432.26,0
245,2,306.55,0
14,5,1041.68,0
116,4,799.9,0
35,1,524.14,0
119,4,2369.16,0
216,1,199.85000000000002,0
49,11,1809.81,0
38,2,1079.6599999999999,0
28,2,333.48,0
36,6,1016.14,0
135,2,752.6,0
218,2,610.59,0
27,1,491.86,0
24,8,2766.18,0
4,3,724.0,0
199,1,339.59999999999997,0
17,1,216.9,0
240,1,350.75,0
71,4,666.33,0
16,14,3102.42,0
2,8,1340.1499999999999,0
94,2,1156.36,0
150,2,291.54,0
373,1,79.6,0
95,5,948.25,0
53,5,1647.26,0
287,1,296.25,0
123,6,1186.28,0
287,1,741.26,0
151,2,282.59999999999997,0
3,10,2154.68,0
1,15,5145.12,0
11,7,3190.55,0
32,2,659.4100000000001,0
53,2,286.79,0
49,2,1070.65,0
203,2,3.552713678800501e-15,0
62,3,1689.46,0
70,3,1521.76,0
1,52,16945.71,3
1,16,2771.87,0
63,5,2631.7,0
33,3,1132.13,0
81,1,345.0,0
0,41,25748.350000000002,3
102,1,178.7,0
6,2,360.01,0
250,1,127.84,0
12,6,912.0,0
9,11,2462.79,0
366,1,230.39999999999998,0
75,2,309.04,0
3,1,348.8,0
42,3,1047.68,0
65,2,195.55,0
0,63,36351.42,2
116,2,688.86,0
309,1,558.32,0
66,1,324.8,0
137,6,3906.27,0
254,1,277.07,0
30,7,2635.79,0
51,2,924.6,0
63,1,256.38,0
366,1,112.6,0
5,5,1747.66,0
301,3,1140.35,0
144,2,385.64,0
5,2,632.0,0
18,2,957.66,0
32,5,1698.94,0
157,2,174.65,0
57,3,412.05,0
21,1,209.49,0
358,1,-102.0,0
15,6,2202.99,0
17,2,40.949999999999996,0
158,1,384.8,0
24,4,834.57,0
211,2,271.24,0
5,4,691.73,0
252,1,85.0,0
58,9,3385.62,0
10,1,361.62,0
64,1,312.98,0
24,4,847.61,0
91,3,1255.0,0
51,2,1537.95,0
87,2,1586.81,0
95,3,2651.46,0
8,2,1056.94,0
8,29,8025.0199999999995,3
168,5,363.4,0
56,1,216.17,0
325,1,201.16,0
0,6,1240.0,0
17,10,2187.31,0
244,2,299.56,0
57,4,501.56,0
73,1,145.67000000000002,0
30,3,1015.29,0
6,2,3192.54,0
122,4,3104.95,0
1,10,2751.25,0
22,14,6389.8,0
119,4,381.7,0
357,1,540.45,0
53,5,1786.79,0
63,1,122.7,0
85,1,117.24,0
54,1,1281.53,0
20,13,3219.77,0
2,22,16989.52,3
2,6,1131.28,0
0,9,2538.75,0
6,6,781.3000000000001,0
188,2,506.8,0
70,1,243.56,0
203,1,349.55,0
119,2,605.63,0
92,1,416.90000000000003,0
0,14,1860.8600000000001,0
26,4,632.97,0
297,1,821.1,0
21,5,535.97,0
20,5,2588.12,0
49,1,311.16,0
325,1,155.93,0
15,2,388.52,0
182,3,740.95,0
71,5,2867.2,0
36,2,332.64,0
79,5,2347.05,0
56,9,2580.91,0
3,3,613.95,0
49,2,272.04,0
49,2,1212.8400000000001,0
351,1,172.25,0
53,1,351.13,0
1,11,1682.08,0
35,6,616.65,0
22,1,223.85000000000002,0
74,1,348.99,0
10,4,464.57,0
168,3,802.85,0
57,2,337.34,0
85,3,1230.93,0
294,1,307.4,0
108,2,608.7900000000001,0
263,1,922.1,0
170,2,361.28,0
168,1,158.85,0
34,1,71.66,0
22,4,556.75,0
16,4,839.14,0
21,7,4912.41,0
78,3,561.5699999999999,0
64,1,90.6,0
360,1,102.0,0
2,6,2427.32,0
10,5,728.56,0
175,3,674.45,0
210,3,3246.091,0
6,7,3515.68,0
0,3,378.59,0
153,2,322.96,0
4,5,1026.42,0
371,1,-102.45,0
78,3,598.2,0
20,2,230.22,0
21,2,169.55,0
307,4,664.54,0
145,1,80.7,0
6,20,8986.69,3
8,11,2702.2200000000003,0
70,2,190.25,0
286,1,264.7,0
48,1,413.59000000000003,0
30,7,2503.23,0
206,1,357.98,0
14,2,196.79000000000002,0
72,1,869.87,0
59,1,200.14,0
38,5,1861.11,0
29,13,2590.46,0
26,6,488.03,0
3,16,7024.53,0
16,1,320.46,0
19,9,4098.8,0
65,2,1266.08,0
212,1,311.3,0
11,7,850.63,0
29,1,76.8,0
31,12,3409.66,0
3,6,2313.14,0
14,6,1383.49,0
9,15,3865.26,0
205,2,633.71,0
45,4,2030.3300000000002,0
133,2,529.73,0
42,7,4582.64,0
9,5,2874.72,0
115,3,962.19,0
197,3,685.9300000000001,0
277,1,328.8,0
109,3,473.02,0
76,1,505.18,0
52,1,917.34,0
46,4,1398.96,0
16,2,642.8,0
154,3,631.9,0
224,1,440.0,0
6,2,584.07,0
121,2,327.7,0
60,1,104.82,0
62,2,467.66,0
17,8,2360.09,0
6,23,14634.640000000001,3
1,18,2929.84,0
21,4,512.02,0
28,5,1428.02,0
284,1,626.65,0
175,2,147.20000000000002,0
77,4,1554.48,0
32,1,152.2,0
40,15,3542.19,0
265,1,141.41,0
26,4,652.82,0
108,4,1659.75,0
283,1,154.99,0
8,7,1290.01,0
276,2,375.13,0
16,6,5639.15,0
31,2,746.36,0
0,26,15477.34,3
19,1,225.36,0
123,2,260.25,0
64,1,92.46,0
105,1,725.6400000000001,0
0,29,8124.4,3
23,18,6147.4,0
266,1,183.6,0
4,20,6135.38,0
9,12,10464.85,3
28,7,1188.32,0
266,1,152.55,0
63,2,374.7,0
319,1,265.85,0
3,9,1307.41,0
20,2,139.54,0
4,3,942.26,0
128,1,122.47,0
40,5,499.41999999999996,0
101,6,1049.37,0
124,1,375.1,0
32,1,45.599999999999994,0
266,4,904.67,0
364,1,182.25,0
3,9,1018.43,0
1,19,4435.79,0
2,2,181.67,0
9,14,50415.49,2
56,1,161.0,0
324,1,76.32000000000001,0
7,17,4063.1,0
11,1,442.85,0
3,34,57120.909999999996,2
36,1,147.35,0
15,12,3092.9700000000003,0
137,1,194.9,0
73,6,5976.79,0
4,8,1314.73,0
153,2,216.20999999999998,0
84,2,1260.33,0
51,8,2688.48,0
30,3,594.16,0
22,2,80.2,0
3,13,5669.65,0
13,5,688.6,0
22,12,2774.17,0
3,8,1377.92,0
273,2,386.53,0
19,5,1382.74,0
143,1,90.0,0
353,1,-19.9,0
3,6,2740.3,0
83,1,419.58000000000004,0
10,3,2740.43,0
7,4,643.6300000000001,0
122,3,709.71,0
60,2,637.5,0
1,5,1123.8600000000001,0
318,1,483.86,0
1,12,3580.13,0
129,5,590.3399999999999,0
1,15,4690.31,0
1,2,982.3800000000001,0
45,1,415.82,0
3,3,920.05,0
2,6,879.0300000000001,0
372,1,311.81,0
133,1,115.8,0
46,5,3148.2,0
8,6,2949.57,0
48,3,468.4,0
233,1,157.2,0
212,3,259.43,0
35,2,658.64,0
74,3,611.09,0
238,2,1345.62,0
265,1,118.75,0
19,3,400.43,0
39,1,507.66,0
19,14,4678.3,0
215,3,1110.52,0
173,2,289.36,0
86,4,2445.91,0
70,2,1631.77,0
275,1,122.53999999999999,0
38,4,574.84,0
97,1,363.79,0
10,4,450.84,0
32,1,134.46,0
50,7,3108.06,0
296,5,574.0,0
84,5,554.46,0
8,7,1620.93,0
40,2,719.78,0
10,31,4640.77,0
66,1,452.89,0
330,1,197.65,0
8,10,2018.91,0
1,24,4604.31,0
1,14,4660.01,0
67,2,853.39,0
4,32,11216.75,3
201,3,962.7,0
106,1,335.52,0
3,7,663.5,0
217,1,185.39999999999998,0
59,9,688.04,0
1,1,161.03,0
10,4,218.78,0
238,2,308.26,0
94,1,151.74,0
10,7,2067.13,0
90,7,1900.89,0
52,13,2208.3,0
89,1,1070.48,0
371,1,-1192.2,0
30,7,1000.23,0
11,7,1777.92,0
2,4,1839.3,0
1,24,1925.3600000000001,0
42,1,169.48000000000002,0
3,1,89.94,0
246,2,632.4,0
41,10,3427.85,0
176,1,683.17,0
91,4,975.23,0
109,4,1050.12,0
28,7,2201.64,0
25,15,3315.71,0
51,5,1450.6,0
178,5,822.0600000000001,0
31,8,2043.93,0
43,5,1447.51,0
21,4,775.46,0
9,6,3093.86,0
80,2,490.86,0
372,1,161.0,0
325,1,146.85,0
42,13,2323.5,0
29,2,890.34,0
183,1,213.70000000000002,0
234,2,280.55,0
8,14,2535.88,0
175,5,1677.48,0
110,3,1474.06,0
277,1,136.76999999999998,0
317,1,302.58,0
6,3,1904.05,0
1,5,2879.7000000000003,0
253,3,935.0600000000001,0
50,6,3087.27,0
8,10,12650.08,3
141,1,120.0,0
50,2,1163.45,0
7,8,2618.23,0
154,3,319.47,0
150,7,1279.09,0
331,1,492.65000000000003,0
225,1,112.32,0
73,2,437.96,0
50,4,559.97,0
87,5,1019.39,0
196,1,134.04,0
2,15,3729.34,0
30,3,578.45,0
20,4,1910.01,0
23,5,4595.81,0
7,4,151.23000000000002,0
211,2,413.85,0
8,6,911.26,0
10,6,2307.4500000000003,0
1,12,3873.3,0
7,14,4819.33,0
2,4,1046.56,0
39,2,154.70000000000002,0
17,6,1284.06,0
2,45,50862.44,2
7,18,2855.35,0
18,1,43.2,0
107,2,632.04,0
222,2,197.1,0
70,5,1803.76,0
50,3,2083.42,0
88,6,2995.72,0
7,10,2319.68,0
224,2,229.71,0
46,6,1611.59,0
106,1,120.0,0
20,7,2456.98,0
64,1,508.58000000000004,0
206,3,343.11,0
10,5,1530.75,0
114,4,574.26,0
234,2,166.85,0
162,1,311.65,0
8,14,4928.74,0
123,2,462.65999999999997,0
22,3,866.31,0
63,2,351.45,0
16,9,2539.46,0
16,4,1614.91,0
157,4,554.22,0
234,4,289.90999999999997,0
218,1,134.7,0
44,9,2166.38,0
20,6,607.71,0
126,8,889.9300000000001,0
38,1,108.97999999999999,0
120,2,1021.58,0
259,1,409.57,0
9,1,133.5,0
270,2,258.7,0
164,1,51.0,0
156,4,1078.96,0
214,1,90.6,0
5,2,163.62,0
365,1,174.4,0
59,4,666.9399999999999,0
42,1,225.77,0
18,6,882.58,0
31,4,2128.23,0
21,1,161.2,0
108,8,3717.35,0
7,19,9167.82,3
319,1,155.0,0
294,1,100.5,0
357,1,76.55,0
184,1,257.68,0
190,2,617.05,0
43,2,348.1,0
51,1,202.68,0
25,1,626.0699999999999,0
37,3,1247.69,0
8,3,202.11,0
296,1,142.4,0
32,3,1770.56,0
8,10,3172.04,0
8,5,999.72,0
9,13,4592.47,0
217,1,67.95,0
1,12,3471.91,0
64,2,487.99,0
0,23,2556.68,0
140,2,559.7,0
3,14,4039.98,0
129,5,1426.31,0
33,7,1434.72,0
118,1,156.75,0
106,9,2111.08,0
10,7,2606.53,0
70,7,1908.25,0
15,15,576.3,0
310,1,1063.0,0
34,3,761.3299999999999,0
361,1,122.7,0
91,8,1485.1299999999999,0
0,18,5811.56,0
21,2,490.22,0
3,3,1937.25,0
10,6,1058.06,0
84,2,385.87,0
56,2,813.11,0
0,6,4263.64,0
217,1,265.2,0
17,1,322.08,0
18,16,3918.9,0
49,2,363.34000000000003,0
6,7,1230.14,0
298,2,397.76,0
9,6,2255.51,0
21,6,1372.8,0
98,1,89.06,0
142,2,-43.400000000000006,0
305,1,131.9,0
7,5,2357.6800000000003,0
0,10,1545.14,0
53,7,1400.88,0
0,4,1039.58,0
18,5,1163.23,0
8,2,375.35,0
18,4,907.1,0
180,3,483.25,0
59,2,662.59,0
10,2,264.44,0
189,1,119.93,0
4,14,3047.63,0
310,1,113.64,0
154,1,1837.92,0
109,4,383.34,0
147,3,2103.06,0
63,15,1965.9,0
97,3,529.62,0
246,3,1058.6200000000001,0
28,7,2272.4,0
17,4,598.76,0
11,2,461.19,0
103,8,1936.84,0
73,2,234.34000000000003,0
42,2,537.71,0
71,6,799.82,0
256,1,215.7,0
19,5,1307.81,0
253,2,316.25,0
10,1,279.05,0
164,2,636.51,0
17,6,2068.15,0
149,2,129.2,0
49,1,321.92,0
38,1,165.75,0
26,7,1183.58,0
50,2,1047.43,0
206,1,463.38,0
174,2,340.93,0
6,7,2362.84,0
25,1,139.56,0
50,2,123.8,0
311,2,538.8100000000001,0
300,2,457.47,0
42,5,1957.32,0
25,3,815.32,0
87,3,356.85,0
63,3,190.31,0
19,14,2351.02,0
2,6,3543.26,0
46,4,673.26,0
16,11,5818.7,0
16,5,2012.17,0
23,7,1368.18,0
21,2,276.42,0
10,6,1267.4099999999999,0
187,2,275.28,0
100,4,438.49,0
60,3,1055.35,0
17,6,2102.09,0
32,2,330.45,0
63,1,174.37,0
1,2,270.6,0
23,4,974.54,0
107,1,241.09,0
31,9,1867.68,0
8,13,4221.37,0
2,86,7711.38,3
36,1,364.21999999999997,0
59,3,620.04,0
25,6,2925.91,0
235,4,932.85,0
24,9,1812.6200000000001,0
2,25,4075.35,0
58,4,2841.09,0
259,1,171.8,0
57,1,355.56,0
64,2,388.25,0
15,2,537.48,0
9,3,996.26,0
58,8,1461.65,0
185,1,103.25,0
3,21,2916.17,0
23,2,2024.45,0
3,9,2487.02,0
3,9,3986.7400000000002,0
150,2,652.8,0
310,1,289.24,0
10,2,765.62,0
17,2,186.23,0
151,1,165.07,0
18,5,859.27,0
9,4,2381.04,0
56,2,324.14,0
63,2,0.0,0
6,24,2174.18,0
75,3,1080.76,0
3,22,4709.22,0
95,6,3073.77,0
34,3,1524.46,0
0,1,227.39,0
280,2,218.06,0
2,10,2803.69,0
179,13,1603.72,0
371,1,35.400000000000006,0
12,4,859.71,0
2,1,168.63,0
16,1,138.6,0
40,1,114.11,0
5,5,1052.55,0
168,5,1029.26,0
49,1,157.05,0
226,3,134.16,0
18,10,1598.24,0
371,1,39.75,0
14,4,1447.14,0
34,3,570.46,0
21,3,617.99,0
6,2,379.83,0
19,6,1740.6,0
10,2,883.15,0
43,1,221.97,0
305,1,393.33000000000004,0
10,1,213.96,0
274,1,660.0,0
0,128,11713.85,3
15,17,11341.1,3
3,4,1785.15,0
71,4,601.56,0
242,3,406.08000000000004,0
8,4,538.59,0
238,2,379.51,0
203,3,393.28000000000003,0
0,6,1765.76,0
184,1,320.58000000000004,0
31,6,869.35,0
56,2,225.85,0
184,5,848.48,0
8,7,2757.07,0
311,1,-21.85,0
90,2,671.96,0
3,3,939.21,0
50,3,1006.98,0
262,1,114.56,0
265,1,344.90000000000003,0
35,2,609.85,0
50,1,443.6,0
51,8,2952.34,0
15,8,2042.15,0
21,1,110.46,0
58,1,96.12,0
169,3,668.61,0
8,4,780.46,0
156,2,597.09,0
200,1,243.22,0
4,4,1417.29,0
66,2,654.6,0
76,1,114.18,0
0,7,1947.55,0
3,5,1930.15,0
168,2,291.05,0
17,5,838.27,0
4,2,247.15,0
8,12,2456.53,0
86,2,285.74,0
26,1,107.95,0
28,4,771.17,0
19,2,637.89,0
60,7,1258.38,0
23,1,195.25,0
10,27,9231.2,3
241,3,1269.99,0
279,2,411.53,0
234,2,765.55,0
2,5,1736.4,0
15,1,604.75,0
30,8,2543.2400000000002,0
371,1,-2.55,0
24,23,26932.34,3
70,3,498.95,0
187,2,52.0,0
25,5,1236.28,0
106,1,628.38,0
7,27,5107.38,0
208,1,112.8,0
43,3,358.61,0
30,5,2114.33,0
136,5,582.05,0
263,1,172.9,0
3,9,2070.97,0
217,2,188.60999999999999,0
1,5,1250.76,0
213,1,109.13000000000001,0
31,3,2235.3,0
10,12,2486.2200000000003,0
0,18,3250.64,0
14,1,318.17,0
10,9,1546.91,0
198,1,179.0,0
2,4,1096.67,0
14,14,4911.14,0
13,4,606.13,0
9,12,2838.2,0
28,3,917.07,0
8,12,2664.2599999999998,0
23,1,160.19,0
24,4,867.38,0
42,2,329.68,0
1,6,1592.18,0
5,3,663.81,0
146,1,187.92000000000002,0
9,6,1158.3,0
24,1,718.08,0
273,1,268.58,0
373,1,313.49,0
0,8,2005.06,0
46,3,380.02,0
7,10,2686.34,0
8,15,9451.54,3
3,34,5807.6900000000005,0
3,3,1164.55,0
38,9,1289.94,0
1,8,3899.1,0
190,4,1423.21,0
11,6,1400.34,0
15,9,1088.53,0
112,6,1167.16,0
247,2,294.3,0
28,6,1311.79,0
43,1,389.64,0
86,1,563.15,0
44,2,638.05,0
9,12,4965.38,0
14,1,738.96,0
74,1,420.5,0
144,4,1484.06,0
4,3,1625.97,0
293,2,53.8,0
58,2,255.9,0
263,1,300.52,0
43,2,250.55,0
28,3,254.11,0
7,8,2423.07,0
16,3,139.5,0
2,10,10641.6,3
231,2,876.42,0
111,1,139.26,0
57,3,1011.9,0
50,13,2195.58,0
3,2,-17.45,0
126,2,730.86,0
280,3,386.15,0
54,2,447.68,0
319,1,200.10000000000002,0
25,2,289.99,0
9,2,77.4,0
6,2,679.4399999999999,0
28,1,197.64,0
16,4,745.06,0
63,2,0.0,0
3,2,214.14,0
2,9,1272.11,0
165,1,131.45000000000002,0
0,27,7839.51,3
52,3,173.74,0
50,1,157.7,0
47,16,4236.34,0
60,1,193.14,0
161,3,845.55,0
8,1,353.27,0
14,4,554.65,0
74,1,193.39000000000001,0
39,15,2175.37,0
40,11,2087.88,0
369,2,155.43,0
36,2,778.5,0
196,1,271.85,0
199,2,1110.34,0
73,3,657.8,0
63,2,272.07,0
20,4,507.29,0
366,1,48.800000000000004,0
179,3,321.43,0
9,4,1127.71,0
3,12,2226.91,0
196,3,2139.76,0
28,6,644.65,0
52,1,197.13,0
17,8,1698.35,0
9,3,102.44999999999999,0
89,5,1641.2,0
267,1,62.85,0
52,6,3295.76,0
34,8,2456.8,0
63,4,3189.81,0
148,1,309.4,0
21,28,7904.28,3
311,2,278.15,0
22,2,511.35,0
57,6,2836.69,0
8,3,463.05,0
77,8,2749.89,0
118,2,645.65,0
35,3,1311.3799999999999,0
59,3,1165.65,0
12,5,1352.04,0
8,2,168.62,0
51,1,125.79,0
25,2,841.1999999999999,0
28,1,266.76,0
6,2,52.2,0
10,13,14197.45,3
185,4,701.33,0
2,9,2939.64,0
3,3,721.95,0
261,1,327.25,0
2,4,522.38,0
209,1,519.68,0
8,5,1448.72,0
12,9,1485.54,0
76,3,706.19,0
19,1,255.4,0
26,2,589.7,0
18,7,756.64,0
131,1,765.3199999999999,0
252,1,364.8,0
78,1,1862.0,0
206,1,369.2,0
335,1,135.9,0
253,1,125.65,0
147,2,554.38,0
9,2,1237.8500000000001,0
84,1,655.75,0
7,24,11020.26,3
204,2,468.77000000000004,0
7,4,1366.38,0
22,8,1228.32,0
10,10,1414.99,0
20,2,314.11,0
20,10,2744.48,0
1,2,1025.44,0
153,3,599.9,0
2,10,3478.85,0
73,1,277.8,0
2,7,389.86,0
35,4,1227.43,0
85,3,258.83,0
70,5,1264.84,0
115,2,1610.15,0
212,2,977.77,0
29,2,1316.07,0
50,1,749.1,0
245,1,310.05,0
31,1,223.88,0
29,14,5842.95,0
13,1,100.9,0
71,2,290.82,0
22,7,1066.57,0
8,2,361.25,0
78,1,311.69,0
45,15,7912.79,3
24,1,289.82,0
11,1,336.17,0
252,1,58.49,0
146,3,499.68,0
58,5,684.97,0
7,2,221.27,0
10,12,7006.58,0
270,1,126.7,0
9,5,1487.8,0
246,1,206.21,0
95,2,599.0,0
14,1,191.32,0
49,1,463.8,0
29,1,147.59,0
67,4,1592.06,0
34,3,1116.57,0
127,1,114.77,0
106,3,1314.45,0
36,1,114.39,0
56,1,279.94,0
56,8,765.86,0
71,5,1931.42,0
245,1,102.12,0
18,2,213.27,0
197,2,296.75,0
15,2,326.4,0
211,1,334.54,0
38,2,233.23000000000002,0
45,4,540.98,0
169,2,429.87,0
47,1,490.52,0
115,4,1641.76,0
146,1,1246.32,0
15,35,6180.49,0
50,1,502.09,0
158,1,156.91,0
11,3,1261.78,0
35,1,308.94,0
53,2,423.04,0
42,2,260.17,0
172,1,170.04,0
33,1,125.58,0
38,4,456.26,0
266,1,266.0,0
8,13,1872.28,0
11,4,905.04,0
2,12,6763.16,0
9,10,1661.33,0
32,1,377.01,0
79,3,469.0,0
30,6,1051.95,0
7,4,627.13,0
71,2,518.28,0
3,4,668.14,0
255,5,4464.1,0
4,11,2571.02,0
15,11,4277.66,0
89,1,252.73000000000002,0
71,3,465.55,0
42,7,665.59,0
9,52,19786.44,3
169,1,180.35,0
198,1,135.93,0
30,1,537.0,0
18,22,7629.38,3
151,3,633.66,0
8,16,5064.01,0
269,1,343.62,0
64,5,380.57,0
273,1,121.17000000000002,0
24,5,1727.17,0
22,3,1391.61,0
318,1,215.78,0
4,3,697.79,0
11,2,302.1,0
274,2,1489.5,0
24,11,2124.9900000000002,0
40,11,1325.82,0
7,4,303.09,0
3,55,54228.74,2
70,4,987.86,0
212,1,370.79999999999995,0
37,6,3135.98,0
31,2,760.59,0
77,3,1744.76,0
45,2,553.36,0
178,1,1109.53,0
372,1,106.2,0
93,2,982.07,0
9,4,612.43,0
104,1,748.87,0
77,1,773.03,0
172,1,880.85,0
6,38,9623.35,3
212,5,893.66,0
21,6,487.35,0
256,1,88.2,0
281,1,306.94,0
20,3,1140.27,0
9,6,2420.84,0
307,1,381.32,0
53,2,476.96,0
214,2,457.81,0
17,9,4410.14,0
103,5,1364.7,0
42,1,219.39000000000001,0
3,1,248.08,0
181,5,649.5,0
83,1,410.48,0
329,6,635.1,0
8,3,310.03,0
30,2,703.36,0
166,3,1002.54,0
17,7,2298.93,0
17,7,1407.73,0
310,8,247.66,0
240,2,463.75,0
23,7,970.25,0
28,3,1567.48,0
9,4,3439.41,0
29,10,2760.56,0
17,1,340.11,0
17,4,1352.75,0
14,6,1550.13,0
133,1,244.8,0
245,1,266.4,0
129,2,343.82,0
49,2,457.72,0
84,6,1612.13,0
6,2,2199.31,0
22,2,184.19,0
24,23,11117.05,3
65,1,406.53,0
59,8,1419.54,0
49,11,3447.4,0
169,1,330.11,0
17,5,977.9300000000001,0
127,3,982.42,0
14,8,1387.99,0
232,2,127.15,0
2,5,1282.45,0
239,2,178.96,0
51,8,2350.0,0
45,1,498.74,0
225,1,259.45,0
7,18,6530.04,0
3,4,1194.73,0
164,3,1313.66,0
218,2,608.65,0
10,1,301.29,0
133,1,520.8000000000001,0
16,11,5303.97,0
9,16,4684.24,0
30,1,329.25,0
73,2,240.27,0
0,3,961.49,0
3,5,1869.5,0
44,1,401.40000000000003,0
1,34,18573.68,3
356,1,158.16,0
17,2,304.47,0
68,3,843.05,0
372,1,487.75,0
320,1,163.0,0
25,1,106.56,0
324,2,1034.5,0
8,5,1624.05,0
322,1,135.75,0
71,1,224.14,0
259,1,40.5,0
17,7,2186.2,0
366,1,87.5,0
65,5,680.28,0
153,2,622.85,0
28,2,406.76,0
69,1,310.62,0
13,2,411.41,0
1,18,4670.08,0
0,53,15802.14,3
119,3,1044.32,0
60,1,499.32,0
2,22,7521.17,0
2,1,3861.0,0
8,5,656.44,0
91,2,193.64,0
58,4,1268.7,0
78,11,927.84,0
25,6,1827.8,0
356,1,316.58,0
84,3,648.8299999999999,0
9,4,420.29999999999995,0
0,6,867.62,0
224,1,331.18,0
59,2,894.4100000000001,0
238,2,88.94999999999999,0
318,3,325.05,0
1,8,1661.44,0
44,6,615.99,0
87,1,96.6,0
10,11,5756.89,0
175,1,305.75,0
51,7,1758.92,0
365,2,114.1,0
318,1,585.0,0
225,3,454.90000000000003,0
357,3,310.48,0
233,1,409.40000000000003,0
310,1,154.41,0
36,5,1219.4,0
65,5,3376.96,0
238,2,429.6,0
112,2,612.06,0
276,1,197.0,0
217,12,2247.51,0
298,1,321.05,0
1,4,1412.32,0
28,5,1056.54,0
9,3,764.34,0
44,7,1685.57,0
66,9,1738.59,0
73,1,316.68,0
64,2,631.57,0
133,3,2515.84,0
237,2,514.15,0
121,1,356.0,0
31,15,6657.36,0
8,15,10327.11,3
35,2,740.78,0
15,6,915.3,0
126,1,300.36,0
66,1,890.85,0
148,1,98.45,0
280,2,232.14999999999998,0
168,2,623.16,0
99,8,1780.77,0
134,1,254.82,0
323,1,178.95000000000002,0
106,1,156.51,0
63,1,393.74,0
150,2,1506.1200000000001,0
337,1,119.3,0
21,5,1717.36,0
23,1,408.8,0
15,9,2298.2,0
6,16,2485.82,0
56,2,721.94,0
3,2,716.57,0
30,2,609.19,0
65,1,135.31,0
46,1,255.89999999999998,0
354,2,277.40999999999997,0
171,1,113.12,0
58,12,2239.9500000000003,0
49,1,240.55,0
21,3,485.24,0
42,5,2306.52,0
28,4,935.1,0
4,21,7803.7699999999995,3
25,20,4596.51,0
200,1,180.94,0
43,10,3610.31,0
9,4,635.04,0
1,14,3774.1,0
66,11,3787.09,0
63,1,496.44,0
50,14,5028.12,0
289,1,574.02,0
60,10,680.3,0
63,3,1174.35,0
95,1,205.3,0
270,2,302.27,0
0,118,59419.340000000004,2
74,5,921.1,0
109,1,52.0,0
198,1,327.97,0
63,3,551.54,0
326,1,165.0,0
3,1,312.62,0
283,1,204.5,0
43,1,267.13,0
48,4,2650.73,0
63,2,602.97,0
103,1,162.29,0
333,1,311.71,0
52,1,208.75,0
34,5,1005.5,0
31,2,714.96,0
207,1,1028.56,0
156,3,351.67,0
52,1,173.97,0
65,3,557.57,0
80,1,2020.52,0
115,2,391.76,0
86,1,364.5,0
0,5,476.58,0
34,2,367.69,0
332,1,252.42000000000002,0
365,1,201.60000000000002,0
71,1,158.04,0
157,2,473.81,0
372,1,115.65,0
11,10,1862.14,0
254,2,777.02,0
28,2,277.05,0
30,10,2766.5,0
4,29,8234.8,3
39,1,427.93,0
361,1,418.92,0
240,2,318.05,0
95,2,913.19,0
25,9,1330.45,0
74,2,602.51,0
56,5,1867.69,0
20,1,446.94000000000005,0
143,1,-1592.49,0
40,8,2360.55,0
136,1,2007.3999999999999,0
7,13,2213.11,0
128,1,168.0,0
39,3,1233.3600000000001,0
168,8,3631.8900000000003,0
8,6,1682.3600000000001,0
213,2,596.85,0
14,8,5927.86,0
169,3,635.76,0
39,1,316.88,0
185,1,394.14,0
171,1,500.0,0
4,5,1515.73,0
15,2,231.86,0
9,4,2183.54,0
325,1,107.45,0
112,1,288.18,0
289,1,94.0,0
15,3,1339.63,0
0,3,815.77,0
91,6,666.7,0
148,2,626.77,0
188,1,349.1,0
17,4,426.61,0
33,4,1056.44,0
263,1,267.18,0
83,8,3450.84,0
25,5,1346.38,0
170,1,190.53,0
9,3,774.9000000000001,0
312,1,572.8100000000001,0
64,5,3974.37,0
84,1,508.8,0
24,1,135.86,0
58,4,950.36,0
322,2,97.7,0
37,1,43.5,0
253,2,383.34,0
18,7,1429.9,0
32,3,1483.14,0
14,1,93.78,0
26,3,364.90000000000003,0
22,1,171.19,0
78,3,417.87,0
7,6,997.48,0
21,1,149.29,0
11,3,1122.53,0
261,1,200.16,0
130,1,156.57999999999998,0
54,3,383.68,0
248,1,594.0,0
1,8,3212.16,0
8,2,1418.26,0
263,1,113.5,0
330,1,155.17,0
312,1,494.64,0
25,5,971.22,0
29,1,429.84,0
29,3,538.73,0
1,7,1388.37,0
361,1,179.1,0
282,3,447.22,0
261,1,237.07,0
24,1,161.64,0
353,1,216.76,0
93,3,234.6,0
28,1,126.14,0
337,1,1048.85,0
19,24,6945.0199999999995,0
84,1,334.53,0
8,4,511.88,0
34,5,438.46,0
42,4,504.5,0
1,1,469.48,0
112,1,371.56,0
13,10,1465.2,0
76,1,454.10999999999996,0
39,2,1441.42,0
15,16,6568.72,0
160,4,233.81,0
0,5,3563.11,0
29,3,2575.0,0
92,1,91.32000000000001,0
22,4,1090.03,0
94,7,3090.85,0
27,2,659.4599999999999,0
32,7,1967.25,0
20,2,1299.23,0
17,3,1259.7,0
0,35,12396.46,3
7,4,1131.56,0
15,23,5541.46,0
362,1,147.09,0
80,1,52.83,0
52,7,3497.14,0
22,3,979.26,0
171,1,492.36,0
188,6,1000.27,0
330,1,250.0,0
11,5,909.23,0
155,2,121.0,0
30,22,14520.08,3
11,13,2963.19,0
44,3,62.43,0
232,1,267.03,0
63,13,1911.89,0
1,1,343.5,0
35,13,2574.65,0
32,2,398.84,0
83,1,412.01000000000005,0
24,1,440.0,0
1,4,811.02,0
32,2,148.44,0
18,10,2348.82,0
253,1,229.33,0
22,12,3967.78,0
21,4,1502.35,0
7,2,2007.44,0
24,6,1517.08,0
18,5,746.92,0
172,7,459.9,0
162,1,110.92,0
6,1,538.46,0
10,1,213.3,0
113,1,85.13000000000001,0
287,1,127.86,0
8,11,3542.51,0
53,2,292.71999999999997,0
6,14,4954.84,0
76,4,1655.76,0
3,4,575.63,0
36,1,436.06,0
216,1,90.12,0
59,1,437.23,0
277,1,217.2,0
11,20,4758.2,0
23,1,279.77,0
28,1,473.65000000000003,0
11,5,722.74,0
351,1,134.55,0
8,7,1319.69,0
49,2,173.16,0
18,1,186.01,0
2,3,758.29,0
103,5,1375.71,0
6,13,4109.97,0
11,4,650.4300000000001,0
4,7,2552.86,0
31,2,607.45,0
177,4,702.25,0
37,1,940.6700000000001,0
150,3,258.88,0
161,1,127.1,0
68,2,348.6,0
120,14,3429.9700000000003,0
24,3,682.9100000000001,0
23,5,722.61,0
176,1,455.3,0
49,4,913.6800000000001,0
252,4,456.58,0
288,1,-30.19,0
46,1,388.58,0
70,1,199.8,0
15,6,1767.53,0
100,9,1343.34,0
29,2,315.71999999999997,0
34,3,235.68,0
26,2,761.74,0
10,17,6745.36,0
7,15,1083.63,0
78,1,48.480000000000004,0
51,1,216.39,0
35,5,1198.23,0
56,11,2422.64,0
336,1,104.76,0
27,4,1093.68,0
182,2,270.03000000000003,0
51,1,112.46000000000001,0
9,15,1568.39,0
35,2,195.15,0
9,27,10360.04,3
32,5,747.031,0
10,1,336.40000000000003,0
49,6,1524.4,0
3,6,1158.77,0
2,16,3224.53,0
140,1,301.03,0
116,4,588.13,0
99,8,1504.56,0
74,2,675.8,0
4,10,2865.64,0
44,3,1180.4,0
15,10,3147.31,0
16,1,243.55,0
89,2,724.76,0
52,1,223.36,0
300,1,-94.0,0
133,1,425.32,0
3,17,12433.34,3
104,4,1887.2,0
178,6,647.4,0
165,4,813.0,0
18,1,612.01,0
157,4,425.14000000000004,0
203,4,599.9,0
335,2,816.0,0
36,3,646.3,0
90,1,337.74,0
92,2,877.4399999999999,0
8,2,922.53,0
232,2,511.32,0
44,4,748.5,0
22,1,30.0,0
189,8,958.9,0
43,1,306.45,0
24,12,1552.01,0
316,2,309.8,0
105,1,138.14,0
50,2,358.63,0
167,2,2242.01,0
39,1,301.32,0
217,1,76.32000000000001,0
39,5,677.69,0
296,1,173.05,0
18,10,2635.4900000000002,0
87,4,2881.02,0
72,8,1744.02,0
80,3,323.69,0
8,5,3324.09,0
48,1,657.23,0
52,1,352.7,0
23,4,781.28,0
8,3,1333.68,0
17,6,946.36,0
116,1,193.75,0
8,11,2981.5,0
119,2,254.1,0
3,2,239.76,0
251,1,136.8,0
27,1,191.04,0
0,15,6423.6,0
266,2,409.98,0
32,12,2644.46,0
17,1,309.65,0
171,3,664.03,0
1,4,1542.14,0
264,1,211.5,0
139,4,2293.62,0
200,1,143.1,0
59,7,1001.8100000000001,0
34,4,945.58,0
40,11,3329.7200000000003,0
283,1,133.25,0
8,5,1072.3600000000001,0
142,3,346.75,0
11,2,330.88,0
145,4,1118.81,0
233,1,150.3,0
32,14,5043.96,0
23,1,598.73,0
11,1,507.08,0
35,6,2181.21,0
364,1,203.1,0
200,3,212.3,0
14,1,415.25,0
16,7,5178.96,0
48,1,-134.8,0
197,2,62.0,0
65,4,1108.38,0
211,2,294.12,0
282,1,162.3,0
114,2,1339.45,0
14,12,1121.21,0
18,19,4788.77,0
65,1,449.12,0
48,1,154.88,0
15,4,784.46,0
77,1,34.8,0
8,6,1071.24,0
133,2,182.96,0
12,3,974.04,0
39,1,149.31,0
234,4,21535.9,3
2,9,2451.23,0
39,8,2628.93,0
304,1,79.2,0
50,4,455.67,0
0,8,2318.88,0
60,4,532.96,0
65,2,714.42,0
24,1,205.25,0
217,3,253.04,0
64,2,583.75,0
31,3,1048.67,0
80,10,3245.47,0
63,1,315.06,0
115,4,581.8299999999999,0
6,29,51823.72,2
5,1,635.6800000000001,0
68,1,270.8,0
244,1,104.9,0
132,1,241.62,0
240,5,1021.61,0
183,3,475.28000000000003,0
24,4,333.56,0
9,4,2593.94,0
10,1,246.3,0
29,8,2303.75,0
43,5,4834.2,0
25,3,948.05,0
357,1,351.3,0
9,1,220.85,0
43,3,1604.44,0
8,4,948.96,0
149,1,610.01,0
0,10,2666.61,0
112,4,2207.4,0
75,3,884.14,0
106,2,699.08,0
45,4,1042.19,0
142,3,-451.42,0
50,1,415.82000000000005,0
0,19,3848.55,0
22,20,5452.17,0
45,3,784.58,0
49,3,903.9,0
305,5,3724.77,0
35,6,399.21,0
78,7,1145.43,0
16,9,2171.32,0
106,5,1801.14,0
207,2,1303.9099999999999,0
2,6,1842.73,0
63,5,2100.6,0
48,4,1905.45,0
319,1,206.98,0
43,2,570.96,0
2,2,885.47,0
336,2,-840.76,0
171,1,532.94,0
50,4,1649.3600000000001,0
72,20,1641.48,0
98,2,636.14,0
28,2,547.7,0
57,4,747.76,0
253,1,836.79,0
69,6,2084.9,0
43,4,954.09,0
44,2,117.47,0
64,1,391.98,0
10,21,33350.76,3
24,5,1020.74,0
58,3,345.66,0
63,6,1209.1,0
303,1,118.95000000000002,0
45,1,130.73999999999998,0
17,10,3650.87,0
37,2,389.27,0
18,2,238.85,0
186,2,160.71,0
51,1,110.8,0
3,12,2974.65,0
136,5,712.24,0
3,31,16173.67,3
18,1,297.0,0
15,5,1438.85,0
40,8,977.21,0
11,9,3000.36,0
7,4,832.88,0
25,2,68.84,0
21,8,1769.7800000000002,0
40,3,895.13,0
100,1,230.53,0
4,16,3797.79,0
276,2,149.64,0
32,1,354.09000000000003,0
14,2,360.93,0
62,9,4330.67,0
1,3,440.78,0
368,2,313.28000000000003,0
311,8,438.24,0
198,5,495.36,0
1,2,396.48,0
92,3,379.35,0
59,1,181.09,0
79,2,141.27,0
156,2,446.87,0
226,1,524.52,0
252,2,263.55,0
149,1,179.17,0
193,2,222.05,0
0,6,1384.68,0
368,1,56.25,0
23,1,351.11,0
16,3,363.88,0
9,8,5126.34,0
7,1,164.68,0
19,8,1521.79,0
3,3,967.45,0
173,1,191.94,0
0,8,1232.18,0
177,2,264.62,0
15,10,1491.24,0
247,1,123.1,0
190,2,334.23,0
19,2,639.89,0
153,4,167.5,0
172,1,336.03000000000003,0
371,2,363.6,0
372,1,127.08,0
193,1,207.15,0
66,1,426.63,0
3,11,2461.85,0
20,3,1107.46,0
238,2,416.86,0
63,1,145.35,0
111,5,404.58,0
89,16,6102.26,0
310,2,31.799999999999997,0
133,1,337.44,0
276,1,325.1,0
364,1,181.0,0
82,1,1708.24,0
7,2,955.24,0
16,2,364.72,0
1,5,1705.26,0
0,3,669.57,0
33,4,806.57,0
14,10,1634.53,0
23,16,4389.81,0
31,1,428.89,0
73,1,104.35,0
19,2,470.76,0
16,4,845.64,0
22,2,418.83,0
2,4,582.9,0
303,1,314.1,0
16,12,4199.85,0
235,3,99.77000000000002,0
38,8,3429.55,0
83,1,371.01,0
164,2,430.94,0
16,2,1054.73,0
76,1,1098.78,0
88,3,2398.86,0
24,8,3408.48,0
21,4,1475.02,0
2,11,2816.97,0
122,3,1037.42,0
29,1,168.12,0
11,7,1451.28,0
18,1,158.03,0
43,2,792.11,0
3,1,41.989999999999995,0
8,10,2756.82,0
54,1,427.07,0
87,7,1044.78,0
36,6,3084.17,0
2,3,12393.7,3
29,5,2735.37,0
11,4,615.39,0
210,1,101.4,0
47,4,1701.94,0
23,3,478.78,0
21,4,992.71,0
245,3,407.5,0
7,16,3362.71,0
34,3,1415.29,0
3,54,33366.25,3
35,4,653.13,0
3,4,690.54,0
2,10,1483.31,0
46,1,211.88,0
38,2,408.90000000000003,0
1,10,3450.2400000000002,0
16,3,851.01,0
259,1,628.28,0
45,3,719.81,0
11,1,251.24,0
29,1,439.65999999999997,0
42,1,236.09,0
91,7,852.12,0
38,76,50992.61,2
309,1,331.24,0
91,2,548.94,0
5,27,8727.61,3
195,3,437.7,0
86,2,758.92,0
269,3,855.02,0
7,4,454.33000000000004,0
64,3,1313.55,0
30,3,3166.4,0
21,7,1147.37,0
36,4,773.99,0
119,4,1340.7,0
85,3,243.69000000000003,0
39,3,1111.79,0
173,1,137.9,0
53,1,362.06,0
32,2,1511.95,0
144,1,783.9,0
220,1,134.8,0
44,1,664.85,0
3,10,2140.2200000000003,0
65,6,1459.8600000000001,0
268,1,-29.95,0
9,4,1153.62,0
259,1,335.32,0
364,1,372.09,0
16,5,1521.87,0
21,2,852.15,0
44,1,326.24,0
287,1,584.3199999999999,0
291,2,94.35,0
2,11,2173.53,0
283,1,79.2,0
16,3,1352.0,0
81,3,176.6,0
55,5,2806.9,0
100,2,1317.62,0
298,1,436.18,0
22,5,981.51,0
58,6,1119.31,0
154,2,315.06,0
98,5,779.36,0
106,1,17.0,0
11,6,1041.83,0
263,1,320.62,0
239,1,185.04999999999998,0
87,7,2005.63,0
49,3,731.9,0
8,3,1245.96,0
41,3,1842.14,0
6,6,1429.64,0
61,1,302.36,0
248,1,336.96,0
65,1,108.38,0
17,7,3204.1600000000003,0
84,2,816.1,0
218,2,611.88,0
44,3,1337.48,0
142,4,195.73999999999998,0
182,1,161.38,0
170,1,135.75000000000003,0
9,8,1667.97,0
205,2,592.88,0
189,1,232.21,0
7,2,423.36,0
58,5,1294.14,0
56,2,867.11,0
72,4,684.4200000000001,0
51,1,307.78,0
315,2,187.15,0
366,1,289.35,0
28,4,6287.77,0
38,1,656.25,0
17,5,1880.22,0
51,6,3506.54,0
3,46,14305.66,3
21,3,603.69,0
262,1,517.55,0
59,3,709.38,0
367,1,-7.95,0
18,3,635.41,0
52,4,703.77,0
87,1,620.4,0
249,1,535.34,0
2,7,2419.84,0
246,1,175.2,0
8,18,3741.98,0
156,3,734.13,0
133,1,375.0,0
295,1,76.32000000000001,0
4,2,280.52,0
38,10,1906.07,0
268,1,1829.04,0
49,5,1824.23,0
8,13,3024.62,0
15,4,644.24,0
281,1,348.2,0
63,4,1009.4499999999999,0
1,26,5352.97,0
251,1,37.4,0
224,3,441.59999999999997,0
16,4,802.53,0
10,28,3770.6,0
7,4,1822.97,0
50,7,1880.4199999999998,0
58,1,73.2,0
94,5,1140.21,0
15,7,1406.57,0
125,3,1009.5500000000001,0
93,4,1037.59,0
49,1,331.95,0
137,1,197.9,0
60,1,215.83,0
99,10,10217.48,3
72,1,305.54,0
71,4,6617.65,0
66,1,338.71000000000004,0
63,7,1155.54,0
16,2,529.41,0
22,13,3991.94,0
31,17,6841.24,0
44,4,981.86,0
15,2,215.48,0
39,1,215.08,0
2,25,4913.32,0
236,1,314.45,0
74,1,400.68100000000004,0
3,2,1080.6200000000001,0
2,5,1821.52,0
360,1,365.27,0
58,5,589.15,0
22,1,405.71,0
30,4,761.38,0
54,4,537.0600000000001,0
24,1,394.38,0
44,2,664.26,0
88,5,2262.62,0
1,18,21086.3,3
80,2,542.77,0
18,3,681.19,0
78,1,159.0,0
170,3,1062.75,0
80,1,242.35,0
266,1,914.9300000000001,0
234,4,259.39000000000004,0
29,8,3054.87,0
36,3,864.86,0
317,1,846.72,0
56,4,1295.3,0
44,5,1096.32,0
202,3,255.12,0
218,2,308.32000000000005,0
86,2,1010.6,0
189,2,542.03,0
32,5,983.23,0
70,5,422.13,0
40,6,858.41,0
77,1,432.2,0
56,3,372.9,0
7,5,3693.81,0
9,13,2607.87,0
7,8,3598.26,0
33,2,409.1,0
211,2,1522.75,0
23,5,1352.3600000000001,0
169,1,114.56,0
61,1,152.94,0
52,5,1800.07,0
260,2,389.44,0
365,1,-295.09,0
31,3,3665.62,0
16,10,2609.3,0
257,2,732.63,0
176,1,46.95,0
44,5,5203.51,0
50,1,1035.45,0
16,4,746.83,0
360,1,-31.65,0
8,11,5423.15,0
73,7,861.89,0
70,2,667.65,0
352,1,1141.24,0
2,6,1423.29,0
116,1,411.7,0
372,1,357.95,0
196,1,559.87,0
176,1,810.6000000000001,0
22,3,537.83,0
20,4,1496.68,0
71,1,2062.06,0
339,1,168.3,0
5,7,1531.51,0
30,2,823.97,0
169,1,142.5,0
116,2,280.9,0
8,12,2236.7400000000002,0
9,4,1328.55,0
212,4,275.4,0
22,3,598.2,0
107,2,212.82,0
25,4,5305.83,0
138,1,361.21999999999997,0
213,9,602.27,0
37,4,2560.0,0
91,3,686.67,0
17,2,616.26,0
2,2,274.15000000000003,0
330,1,226.37,0
63,12,2755.56,0
119,3,1341.65,0
34,1,328.15,0
217,1,404.40000000000003,0
0,2,326.75,0
195,1,207.50000000000003,0
127,3,428.68,0
43,5,510.54,0
5,15,3085.96,0
13,6,3844.22,0
17,4,242.21,0
27,8,1583.2,0
7,22,26626.8,3
36,1,151.05,0
156,1,214.79999999999998,0
283,1,109.95,0
106,1,549.07,0
24,6,1959.38,0
74,4,322.41,0
15,2,370.47999999999996,0
157,1,101.10000000000001,0
43,1,575.41,0
10,2,887.65,0
31,7,1469.45,0
290,1,53.5,0
20,5,1100.47,0
332,1,153.9,0
17,2,494.44,0
3,23,6675.71,0
62,2,395.8,0
197,4,210.32000000000002,0
32,3,658.88,0
0,5,2024.95,0
6,12,1460.3700000000001,0
4,8,3411.69,0
9,4,896.66,0
31,9,652.07,0
52,1,109.36000000000001,0
11,2,707.04,0
17,9,1540.42,0
18,1,327.3,0
36,2,804.49,0
1,2,497.43,0
17,3,1553.66,0
81,4,1320.56,0
32,2,367.93,0
65,2,473.03000000000003,0
8,3,977.52,0
266,1,676.2,0
246,3,362.95,0
3,5,2131.9,0
60,1,1780.59,0
74,2,668.36,0
89,2,584.5,0
59,3,555.89,0
28,2,317.2,0
322,1,94.36,0
52,5,1362.27,0
269,1,221.19,0
1,20,2941.05,0
49,9,1412.06,0
59,5,1486.9,0
144,4,1631.15,0
18,2,408.57,0
94,1,303.93,0
0,20,4061.24,0
264,2,299.6,0
301,2,161.04999999999998,0
69,1,443.05,0
301,2,167.25,0
18,1,163.07,0
12,10,2126.93,0
35,5,2028.88,0
18,2,214.65,0
53,1,151.83,0
56,1,262.2,0
21,2,126.25,0
43,1,210.35,0
25,4,1026.99,0
44,3,675.27,0
112,7,959.48,0
16,75,33805.69,3
24,1,346.12,0
190,2,82.56,0
301,1,302.7,0
1,10,1908.25,0
262,2,241.06,0
80,1,-2.95,0
105,1,284.55,0
56,1,300.85,0
212,3,642.81,0
63,1,287.4,0
27,1,184.26,0
28,7,1522.25,0
5,5,798.35,0
7,5,3640.67,0
66,2,381.2,0
1,3,616.79,0
45,5,638.77,0
33,1,230.51,0
0,3,2.8999999999941792,0
135,1,259.01,0
197,1,188.89000000000001,0
190,3,674.69,0
149,1,311.92,0
87,1,266.97,0
44,3,-8.15,0
63,7,1841.18,0
98,5,2158.37,0
217,1,208.36,0
2,18,3482.7400000000002,0
27,3,814.72,0
177,1,151.42,0
63,4,102.0,0
20,7,1383.7,0
19,3,1314.68,0
33,7,1603.46,0
73,1,74.9,0
23,4,650.43,0
51,5,757.44,0
274,1,223.95000000000002,0
164,4,314.86,0
6,11,1811.47,0
87,4,544.3,0
63,7,2494.46,0
24,3,331.0,0
9,2,300.83,0
75,1,769.29,0
15,1,220.62,0
191,1,139.35,0
173,3,379.4,0
76,1,363.65,0
32,4,492.2,0
46,1,731.5,0
72,6,1329.66,0
296,1,826.53,0
2,3,684.41,0
8,4,1562.22,0
49,6,2965.69,0
160,3,86.12,0
359,5,319.1,0
4,6,400.86,0
106,5,1421.43,0
24,1,484.38,0
31,1,777.6,0
19,2,90.30000000000001,0
296,1,363.7,0
371,1,248.1,0
21,3,950.26,0
4,4,874.59,0
51,5,1627.13,0
29,1,101.69999999999999,0
276,1,162.7,0
60,3,480.92,0
24,2,215.07999999999998,0
185,4,1036.6200000000001,0
1,28,9295.67,3
1,29,11895.57,3
171,1,290.36,0
80,1,228.06,0
3,1,244.41,0
189,1,455.25,0
21,7,1244.59,0
17,3,6748.8,0
18,5,1026.94,0
4,1,593.75,0
106,2,539.02,0
2,4,1388.81,0
53,1,119.62,0
164,1,339.3,0
290,3,-95.93,0
9,10,4154.64,0
108,9,2266.25,0
95,3,922.12,0
242,2,379.73,0
162,14,5664.57,0
2,7,641.55,0
34,2,285.89,0
66,7,3313.79,0
23,2,281.85,0
0,24,8257.04,3
20,3,816.51,0
5,2,511.12,0
53,1,1077.74,0
363,1,173.7,0
14,6,614.01,0
193,2,865.6,0
2,1,124.2,0
8,15,3622.95,0
2,5,1285.22,0
126,4,999.7,0
73,4,648.41,0
70,1,451.44,0
364,1,-30.599999999999998,0
154,2,70.44,0
112,1,313.62,0
373,1,233.45,0
79,3,908.03,0
248,1,463.95,0
231,1,225.15,0
70,3,459.24,0
68,1,213.5,0
3,19,4073.28,0
50,3,330.03,0
74,1,181.09,0
60,1,360.16,0
15,2,250.15,0
3,1,90.04,0
276,2,140.7,0
3,6,813.52,0
40,1,244.79999999999998,0
30,2,494.72999999999996,0
74,2,482.47,0
17,16,3038.67,0
14,9,5450.96,0
218,1,75.66,0
185,2,120.99000000000001,0
32,4,1187.66,0
69,1,618.59,0
182,1,506.19,0
14,2,500.42,0
235,1,151.85,0
30,6,2630.64,0
253,2,204.41,0
3,2,178.96,0
51,4,813.48,0
245,1,129.45,0
80,2,810.5699999999999,0
273,1,333.08,0
0,20,4379.65,0
78,1,322.8,0
29,6,2183.04,0
73,2,417.73,0
16,7,2878.15,0
222,2,217.9,0
31,5,1124.59,0
22,11,1676.47,0
24,4,1169.38,0
105,1,231.10000000000002,0
4,3,679.83,0
245,1,487.51,0
177,2,833.78,0
169,2,214.06,0
38,2,270.85999999999996,0
71,1,518.42,0
53,11,6654.26,0
15,3,1166.92,0
140,5,594.97,0
17,6,3794.52,0
21,21,8568.24,3
9,4,933.62,0
367,1,123.24,0
188,1,39.12,0
15,5,810.4499999999999,0
361,1,135.39999999999998,0
18,1,118.98,0
67,2,570.13,0
14,6,306.71999999999997,0
23,4,1370.8700000000001,0
16,17,4022.46,0
27,3,1692.27,0
1,23,8093.59,3
54,2,319.61,0
33,5,1558.72,0
2,17,3013.83,0
365,1,129.75,0
42,1,183.7,0
72,6,1770.34,0
4,5,1028.0,0
3,31,65892.08,2
60,2,324.24,0
46,9,3043.48,0
0,4,1260.86,0
75,3,303.26,0
43,3,208.63,0
255,2,1276.0,0
68,2,482.01,0
134,4,657.9000000000001,0
240,1,112.75,0
226,2,1998.0,0
8,17,5040.0,0
8,18,5150.2699999999995,0
0,29,13946.130000000001,3
36,3,531.35,0
45,1,656.63,0
84,5,3029.87,0
18,10,2483.04,0
2,5,1651.03,0
8,11,3645.43,0
18,21,6840.2300000000005,0
218,4,911.53,0
77,1,301.71999999999997,0
266,3,319.8000000000001,0
8,9,3278.36,0
368,1,623.75,0
14,8,1773.92,0
25,1,155.24,0
261,1,292.47,0
16,16,4711.21,0
90,2,589.15,0
301,8,775.07,0
25,5,1382.02,0
363,1,272.82,0
45,4,1054.67,0
35,26,7076.28,0
51,4,702.79,0
31,1,603.75,0
51,3,650.51,0
78,7,2269.21,0
52,1,417.59999999999997,0
297,1,3.75,0
171,2,312.55,0
46,2,0.0,0
28,8,2191.84,0
10,7,1304.76,0
86,18,7170.7,0
4,19,6694.31,0
24,4,826.96,0
17,5,1515.9,0
44,5,623.93,0
30,1,1764.72,0
372,1,207.5,0
57,1,223.92000000000002,0
371,1,2002.4,0
113,5,1484.63,0
214,1,239.4,0
318,1,106.83000000000001,0
64,1,369.34000000000003,0
7,4,772.84,0
96,1,316.62,0
19,3,1501.38,0
184,2,594.9,0
3,18,2758.25,0
293,1,34.0,0
272,2,1145.6,0
30,11,5580.6,0
47,5,458.04,0
259,1,380.39,0
57,6,744.9,0
32,5,2246.81,0
56,1,171.59,0
67,5,654.92,0
9,11,1695.66,0
59,1,388.28,0
79,2,226.35,0
73,2,245.94,0
1,28,10454.05,3
99,2,425.19,0
364,2,294.65,0
9,19,2242.25,0
19,1,107.6,0
122,2,597.48,0
7,1,80.8,0
3,8,1520.1200000000001,0
28,8,1706.28,0
281,2,110.38000000000001,0
56,1,243.84,0
0,12,1201.51,0
364,1,414.88,0
88,1,305.62,0
10,1,1201.49,0
162,5,867.83,0
64,1,332.3,0
22,3,536.99,0
173,2,460.59,0
102,4,801.49,0
142,3,1121.59,0
98,2,288.42,0
22,6,912.74,0
191,2,275.64,0
4,2,547.07,0
360,1,479.35,0
7,10,1692.98,0
13,22,6500.6,0
102,4,417.06,0
2,13,1446.95,0
10,13,3317.97,0
95,1,497.61,0
226,1,358.38,0
15,2,460.64,0
38,2,775.1800000000001,0
50,1,341.7,0
92,2,128.5,0
156,1,197.22,0
38,1,325.91,0
183,3,199.15,0
0,4,1106.53,0
227,1,413.46,0
127,2,180.85,0
39,2,251.87,0
30,12,3167.73,0
196,3,582.9,0
8,39,15357.78,3
36,7,1774.62,0
63,4,1260.44,0
42,17,10183.82,3
49,1,214.32,0
42,1,193.44,0
52,1,281.42,0
186,1,124.57,0
333,1,332.41,0
3,3,342.45,0
9,2,144.91000000000003,0
23,2,328.4,0
14,1,35.400000000000006,0
365,2,345.89000000000004,0
105,5,473.14,0
59,3,151.65,0
28,4,481.35,0
140,3,207.73999999999998,0
22,5,805.62,0
21,7,2761.4900000000002,0
76,3,680.02,0
4,10,7066.31,0
63,9,2023.47,0
11,6,853.72,0
24,2,0.0,0
30,7,1519.08,0
66,1,432.0,0
66,3,705.12,0
186,2,276.73,0
37,2,429.84000000000003,0
14,3,471.51,0
34,1,194.88,0
194,3,1578.67,0
1,5,809.7,0
0,7,496.84000000000003,0
366,1,145.93,0
64,1,219.14,0
298,3,213.03,0
25,4,444.46,0
7,6,1281.56,0
11,5,187.6900000000001,0
115,1,1706.88,0
28,1,373.24,0
3,16,3754.27,0
4,8,3085.48,0
81,4,579.77,0
28,5,981.65,0
63,2,364.14,0
3,8,1510.06,0
22,14,2528.67,0
289,1,113.44,0
35,1,208.46,0
8,6,621.6800000000001,0
23,2,576.26,0
276,1,391.52,0
48,7,1043.34,0
155,11,2596.45,0
60,1,169.79,0
11,26,6666.83,0
20,4,739.5,0
370,1,230.25,0
115,3,543.05,0
79,19,2781.5,0
3,7,1295.39,0
25,3,380.55,0
4,21,4604.22,0
52,1,161.94,0
0,5,530.08,0
54,2,950.9300000000001,0
25,1,262.68,0
8,5,1903.13,0
51,3,3049.88,0
12,10,1894.11,0
211,3,816.73,0
21,19,4345.5,0
235,1,406.48,0
138,3,435.02,0
3,7,1161.27,0
56,3,1178.56,0
122,4,1262.75,0
108,2,167.61,0
29,1,20.8,0
0,9,2085.08,0
184,5,493.67,0
8,2,292.34,0
238,2,416.64,0
86,1,117.35000000000001,0
38,3,507.05,0
115,1,234.17,0
186,1,110.55000000000001,0
226,1,201.19,0
7,10,2148.47,0
188,1,319.02,0
3,2,439.43,0
38,3,650.41,0
2,2,232.20999999999998,0
266,1,251.51999999999998,0
76,1,344.33,0
3,8,1809.05,0
254,2,1078.96,0
60,1,384.06,0
12,8,1920.2,0
77,5,4392.42,0
16,11,5461.62,0
29,2,1873.2,0
2,7,1625.05,0
4,1,126.12,0
6,6,1133.25,0
218,1,179.0,0
10,6,1601.8600000000001,0
371,1,-1.25,0
29,9,1427.46,0
287,3,702.0,0
149,6,287.02000000000004,0
22,2,484.82,0
0,11,3989.57,0
72,4,1487.78,0
45,2,1412.94,0
4,4,781.78,0
50,7,877.4300000000001,0
16,2,185.46,0
29,1,270.9,0
7,4,565.58,0
28,3,1842.56,0
2,27,8574.11,3
40,2,920.1,0
10,4,1272.61,0
30,1,71.0,0
44,3,95.85,0
60,3,357.77,0
184,2,154.82999999999998,0
78,7,848.59,0
110,2,716.0,0
63,1,146.87,0
11,2,380.35,0
85,3,1030.14,0
15,4,734.5699999999999,0
245,3,388.33,0
77,2,1253.22,0
29,1,112.4,0
137,1,449.73,0
26,4,1065.77,0
2,5,1044.3799999999999,0
31,4,1735.18,0
8,3,897.4300000000001,0
112,3,339.44,0
156,1,642.02,0
84,3,1100.9,0
114,6,864.32,0
2,11,5594.78,0
95,6,3228.84,0
193,1,247.14000000000001,0
27,1,413.75,0
128,2,496.38,0
27,6,1353.83,0
81,3,1179.89,0
29,5,3095.04,0
265,1,234.24,0
73,12,5116.13,0
313,5,534.47,0
8,11,1421.59,0
58,3,859.35,0
142,1,-112.35,0
11,22,4531.34,0
27,13,2655.2200000000003,0
113,1,312.14,0
8,14,2385.48,0
17,4,1446.09,0
17,5,813.77,0
35,3,841.0799999999999,0
35,2,378.2,0
77,1,118.80000000000001,0
21,3,285.5,0
24,2,290.16,0
32,2,2003.85,0
108,3,1405.78,0
34,2,2949.75,0
122,6,1555.05,0
6,6,2050.08,0
27,4,1991.01,0
3,8,2041.8500000000001,0
2,10,3802.81,0
49,4,1777.78,0
317,2,270.20000000000005,0
21,6,1088.2,0
8,7,992.6800000000001,0
17,2,971.74,0
9,4,1621.73,0
261,1,25.5,0
158,2,665.78,0
32,7,10380.43,3
28,8,869.6800000000001,0
164,1,163.29999999999998,0
46,1,248.61,0
5,10,747.22,0
7,5,806.9000000000001,0
287,1,116.19999999999999,0
317,1,157.02,0
2,3,593.61,0
232,1,307.46,0
118,1,138.32,0
161,1,345.29999999999995,0
184,1,298.89,0
49,1,259.35,0
151,7,991.85,0
334,1,157.09,0
4,5,2463.17,0
15,7,4892.240000000001,0
106,2,425.0,0
15,7,1139.73,0
275,1,380.5,0
15,15,10585.57,3
246,1,465.32,0
238,1,579.0,0
0,2,984.57,0
105,3,749.78,0
22,6,1679.64,0
51,1,124.88,0
194,4,1503.5,0
23,1,213.78,0
74,1,329.34,0
17,2,251.70000000000002,0
7,3,306.55,0
31,3,1266.97,0
21,4,1534.73,0
30,6,3518.03,0
28,11,1707.21,0
21,2,293.1,0
32,8,2466.4,0
283,1,158.68,0
38,3,189.49,0
49,4,816.88,0
288,1,224.91,0
74,2,313.26,0
4,9,3755.65,0
217,1,59.9,0
43,5,1430.94,0
201,1,306.13,0
177,3,711.79,0
55,6,780.38,0
56,2,239.92000000000002,0
7,8,3286.9100000000003,0
46,2,144.0,0
226,1,203.95,0
10,9,2275.58,0
105,2,384.40000000000003,0
58,3,249.74,0
27,7,2095.13,0
35,9,1674.46,0
273,2,262.62,0
29,1,1013.01,0
23,3,692.22,0
53,1,342.63,0
35,6,3563.85,0
168,9,1352.91,0
53,1,384.08,0
52,1,204.24,0
26,9,2299.67,0
252,1,226.85,0
39,11,2741.08,0
59,7,984.12,0
233,1,113.5,0
3,10,1960.72,0
31,1,114.23,0
23,14,3198.25,0
6,2,335.13,0
64,1,354.15,0
309,2,426.79,0
308,1,393.49,0
18,6,939.32,0
15,8,1906.09,0
95,2,318.76,0
263,11,3466.67,0
11,14,3127.82,0
2,2,421.52,0
34,1,190.88,0
182,1,149.89000000000001,0
24,2,550.06,0
12,6,916.13,0
10,2,314.69,0
2,17,3744.65,0
312,2,379.95,0
107,2,1135.04,0
0,30,8628.55,3
52,1,954.9,0
204,1,171.45,0
14,1,282.19,0
119,1,318.65,0
3,2,384.52,0
362,1,283.28000000000003,0
116,2,353.86,0
17,1,178.26,0
4,2,272.44,0
40,2,298.41,0
106,2,240.0,0
147,2,603.37,0
51,5,1253.3600000000001,0
207,1,63.440000000000005,0
138,2,562.9,0
1,3,310.64,0
126,2,317.62,0
107,4,763.64,0
41,5,2144.53,0
34,1,111.97999999999999,0
227,2,1065.3500000000001,0
240,1,246.04,0
57,1,187.82999999999998,0
129,3,1703.41,0
59,7,1641.68,0
21,1,153.92,0
25,7,1064.11,0
8,7,1419.73,0
31,4,936.16,0
3,2,525.24,0
307,1,550.8000000000001,0
7,9,1875.1100000000001,0
28,3,556.95,0
16,1,131.78,0
100,2,498.42,0
11,4,669.11,0
20,1,197.63,0
14,6,1119.93,0
360,1,250.04,0
10,21,8600.73,3
364,1,-152.64000000000001,0
94,1,82.75,0
77,2,1384.85,0
138,3,644.3,0
17,2,2288.13,0
24,11,2514.76,0
0,43,6204.46,0
45,5,2524.02,0
99,3,1200.6200000000001,0
7,2,700.86,0
14,9,908.99,0
17,4,990.23,0
279,1,96.8,0
13,2,523.11,0
22,2,363.9,0
123,1,175.2,0
85,1,494.25,0
300,3,306.6,0
150,7,1944.32,0
16,10,6612.18,0
93,2,243.36,0
8,16,11891.18,3
156,3,781.36,0
354,1,193.64,0
45,1,160.57,0
14,4,537.74,0
3,16,2611.58,0
85,1,228.96,0
14,5,1159.52,0
178,1,110.75,0
7,5,1256.19,0
35,3,587.15,0
128,2,1740.0,0
50,1,1393.06,0
311,1,178.22,0
23,2,388.14,0
302,2,365.85,0
10,1,127.86,0
16,3,585.79,0
48,3,488.2,0
238,2,312.23,0
0,12,4455.73,0
12,8,4801.56,0
237,1,168.4,0
22,9,1349.52,0
72,4,446.18,0
16,3,423.89,0
40,8,1342.68,0
39,4,646.92,0
218,2,495.77,0
189,4,372.5,0
70,2,203.2,0
23,21,3925.92,0
10,1,404.66,0
8,30,20272.43,3
64,1,65.4,0
3,1,199.29,0
18,2,336.4,0
14,1,261.11,0
7,6,2686.42,0
19,2,784.11,0
77,4,1259.56,0
0,43,31300.079999999998,3
163,2,508.8,0
306,2,457.91,0
218,1,203.86999999999998,0
38,8,7330.8,0
21,2,696.41,0
114,3,653.38,0
125,5,2129.96,0
4,13,2633.85,0
35,1,281.62,0
0,5,967.22,0
329,5,1928.72,0
162,1,32.65,0
184,2,771.85,0
15,5,1214.72,0
11,4,748.94,0
2,7,1258.06,0
43,2,778.0,0
78,1,507.84,0
29,9,6838.34,0
41,2,463.46000000000004,0
10,14,4200.97,0
49,3,598.83,0
15,10,1853.1299999999999,0
44,4,663.63,0
18,2,759.17,0
3,7,5022.26,0
71,1,100.8,0
0,33,17078.45,3
120,4,512.12,0
32,2,265.76,0
312,1,403.3,0
17,2,365.76,0
87,1,303.15999999999997,0
1,9,2333.42,0
1,2,216.29999999999998,0
246,2,378.3,0
147,5,177.1,0
28,10,2210.2599999999998,0
176,2,120.9,0
39,2,541.53,0
144,1,-4287.63,0
1,8,2504.86,0
7,55,187482.17,1
0,10,1648.95,0
17,2,486.71999999999997,0
191,4,517.53,0
203,1,131.7,0
364,1,249.86,0
126,5,1737.7,0
14,1,316.5,0
42,2,657.3,0
78,8,452.63,0
22,3,757.46,0
50,3,662.94,0
15,6,1881.36,0
157,1,289.96000000000004,0
9,2,763.28,0
9,2,137.0,0
15,6,1843.06,0
44,5,1125.07,0
190,3,710.29,0
78,1,194.37,0
73,2,506.51,0
3,5,1249.34,0
64,3,414.04,0
260,1,396.87,0
58,2,376.64,0
0,11,1926.8799999999999,0
0,11,3541.92,0
247,1,374.57,0
7,2,497.56,0
358,1,271.05,0
75,1,272.22,0
289,1,622.88,0
16,3,1138.0,0
220,2,288.6,0
8,4,689.1,0
2,2,558.96,0
205,10,2745.2799999999997,0
160,2,1145.84,0
69,2,294.29,0
261,2,605.58,0
57,11,6100.74,0
24,1,308.48,0
2,46,88125.38,2
28,11,2920.04,0
71,1,513.2,0
127,1,208.65,0
30,4,639.02,0
14,5,768.08,0
308,1,153.94,0
16,7,1839.07,0
53,1,546.81,0
23,4,721.9599999999999,0
1,5,1070.71,0
10,4,652.74,0
360,1,145.0,0
359,1,422.70000000000005,0
0,8,706.7,0
53,6,888.86,0
0,11,3540.1,0
0,10,2385.0,0
120,2,293.45,0
53,1,223.36,0
279,1,164.4,0
176,1,76.5,0
29,2,897.62,0
25,1,98.42,0
8,3,570.4,0
269,1,170.75,0
42,3,645.96,0
371,1,-11.8,0
217,3,-141.48,0
23,2,148.86,0
196,3,267.16,0
358,1,306.84,0
42,6,909.96,0
129,1,1487.6,0
0,5,1952.45,0
19,2,483.26,0
205,1,157.9,0
13,3,541.46,0
94,5,854.95,0
18,1,167.62,0
13,8,1107.38,0
23,3,454.01,0
7,2,901.21,0
6,10,4012.56,0
331,1,344.14,0
49,4,1498.51,0
70,4,226.75000000000003,0
28,4,362.9,0
242,1,185.65,0
7,22,3457.78,0
190,2,124.74,0
4,4,440.2,0
252,3,215.72,0
0,31,10736.11,3
235,1,175.27,0
6,3,1227.3,0
108,4,1133.07,0
99,3,1240.2,0
59,4,2404.17,0
1,3,1479.22,0
72,8,2215.02,0
3,6,3911.56,0
84,2,993.18,0
11,2,388.79,0
22,7,2827.93,0
213,1,2044.3700000000001,0
17,1,161.67000000000002,0
238,1,116.00999999999999,0
1,8,5050.77,0
49,5,-1165.3,0
216,2,309.36,0
32,2,193.42,0
40,6,1103.92,0
3,19,3947.87,0
52,10,1992.76,0
22,17,4509.37,0
56,1,390.07,0
129,3,329.6,0
173,3,571.1999999999999,0
5,3,971.58,0
311,1,218.52,0
59,1,81.44,0
20,4,1336.1,0
32,1,527.0500000000001,0
14,2,843.48,0
17,4,2047.0,0
80,1,75.75,0
5,9,1784.12,0
169,2,503.59999999999997,0
1,3,528.33,0
30,6,1242.34,0
35,9,2361.9700000000003,0
8,2,265.93,0
30,2,547.0600000000001,0
275,1,108.5,0
86,1,621.66,0
119,2,712.29,0
372,1,101.55,0
0,17,2768.98,0
218,4,995.6600000000001,0
64,1,133.06,0
60,5,1789.55,0
134,2,861.74,0
20,1,166.08,0
11,14,3886.67,0
24,18,4737.13,0
28,5,1175.88,0
276,1,117.55,0
10,8,2571.7400000000002,0
72,5,1674.69,0
10,3,485.88,0
3,14,2954.75,0
140,1,196.0,0
25,9,1788.27,0
18,2,604.64,0
3,2,728.16,0
65,5,2055.51,0
0,2,347.75,0
42,7,3406.7200000000003,0
227,1,205.7,0
15,6,1284.08,0
43,4,3106.62,0
0,7,1622.22,0
73,2,551.04,0
0,41,20098.1,3
3,7,1383.27,0
1,43,16219.22,3
263,1,298.11,0
52,2,1992.1100000000001,0
23,1,184.4,0
9,7,2459.33,0
43,1,239.41,0
16,7,3191.53,0
6,7,5739.46,0
29,16,4748.45,0
357,2,290.40000000000003,0
126,5,733.4399999999999,0
135,3,187.02,0
141,1,283.12,0
131,2,765.34,0
37,14,2201.05,0
235,1,338.95,0
260,1,154.95,0
16,6,2508.89,0
252,1,417.95,0
29,6,1719.72,0
34,3,798.74,0
168,2,885.19,0
2,10,1781.12,0
3,22,10097.37,3
184,2,152.4,0
187,2,267.08,0
169,1,137.45,0
10,2,385.1,0
44,1,522.91,0
320,1,153.0,0
200,1,326.4,0
22,12,5505.79,0
231,1,139.35,0
37,18,5367.8,0
25,4,1195.94,0
95,6,2380.64,0
126,6,3276.4000000000005,0
57,4,995.6500000000001,0
15,14,3371.13,0
8,2,1042.55,0
3,5,2515.68,0
2,15,5288.83,0
78,5,878.2,0
372,1,303.97,0
38,2,692.19,0
53,3,700.63,0
1,19,13110.02,3
8,4,337.49,0
8,2,168.24,0
18,5,1863.35,0
11,8,2786.05,0
112,2,355.11,0
3,7,2291.08,0
234,2,98.8,0
99,2,64.65,0
177,2,674.52,0
4,9,1797.57,0
358,1,80.64,0
0,6,1739.92,0
0,31,5585.49,0
18,8,3456.7000000000003,0
16,3,834.99,0
21,2,287.59,0
32,1,712.78,0
262,1,15.0,0
50,2,818.8199999999999,0
158,3,371.88,0
14,1,271.2,0
7,3,2273.1800000000003,0
12,12,3960.63,0
198,5,1143.27,0
56,2,245.81,0
10,2,182.77,0
96,5,1215.46,0
254,1,56.4,0
24,3,665.86,0
20,5,642.17,0
158,2,188.02,0
71,2,283.47,0
52,1,131.94,0
84,2,278.74,0
152,4,1865.19,0
73,2,1117.9,0
280,1,225.9,0
26,14,1965.55,0
29,1,106.1,0
24,1,323.04,0
179,2,350.39,0
39,4,697.9,0
21,3,780.43,0
21,11,3026.08,0
36,9,1199.01,0
81,4,1251.84,0
73,1,512.31,0
10,1,546.04,0
15,15,4627.62,0
3,51,7677.71,3
12,4,732.16,0
13,7,1714.6,0
36,4,36.56,0
3,3,387.68,0
71,8,3661.0699999999997,0
190,2,-24.05,0
50,1,298.4,0
4,5,1995.46,0
1,3,398.7,0
32,1,35.400000000000006,0
49,1,155.37,0
2,3,350.64,0
46,1,110.21000000000001,0
41,10,1560.53,0
26,6,2312.7,0
41,1,338.8,0
1,169,40340.78,2
302,1,205.48,0
84,1,2033.1,0
80,9,901.1999999999999,0
217,4,605.8000000000001,0
301,35,5288.63,0
11,2,114.34,0
184,2,311.26,0
372,1,208.97,0
1,6,1393.79,0
2,25,26763.34,3
5,12,5155.66,0
304,1,148.21,0
368,1,252.8,0
2,9,2059.2,0
323,1,330.9,0
58,6,3160.0,0
12,3,597.5,0
30,27,10158.54,3
142,2,325.7,0
29,8,622.75,0
106,5,428.18,0
1,13,1889.4,0
204,1,155.9,0
79,6,1764.3600000000001,0
184,7,658.26,0
169,1,237.61,0
43,1,379.45,0
173,1,178.51999999999998,0
364,1,458.92,0
303,1,133.35000000000002,0
2,4,671.77,0
3,4,717.45,0
11,1,190.19,0
31,3,899.61,0
128,1,111.35,0
18,10,525.78,0
211,2,203.87,0
322,2,602.09,0
161,1,203.85999999999999,0
55,3,244.1,0
224,1,112.25,0
71,8,1119.81,0
43,1,98.0,0
22,1,256.32,0
172,4,541.1,0
84,2,152.06,0
158,1,155.8,0
164,4,15.0,0
28,1,110.38,0
20,2,178.92,0
70,4,800.24,0
246,1,72.9,0
373,1,243.28,0
8,1,366.23,0
309,6,295.61,0
58,2,411.6,0
3,1,336.43,0
44,3,341.28,0
87,1,1304.04,0
3,17,4204.1,0
63,4,826.52,0
281,1,207.50000000000003,0
0,13,2894.33,0
372,1,244.08,0
132,2,397.29,0
44,2,212.54,0
10,5,834.5,0
35,5,1740.48,0
133,2,408.36,0
28,3,1331.57,0
51,2,704.25,0
137,2,145.79,0
4,1,389.84,0
8,7,4301.22,0
159,1,99.14,0
48,14,1983.5800000000002,0
130,1,304.56,0
7,1,77.50000000000001,0
232,2,149.57999999999998,0
36,1,176.68,0
146,1,358.56000000000006,0
0,52,52750.84,2
71,4,472.12,0
39,4,990.8400000000001,0
4,16,2295.37,0
198,4,557.3,0
248,1,12.75,0
65,1,111.68,0
116,1,508.4599999999999,0
170,1,73.78,0
20,39,1296.44,0
141,1,102.83,0
31,2,471.7,0
37,14,2622.57,0
37,5,1098.43,0
371,1,123.07,0
373,1,277.35,0
165,2,228.2,0
210,1,582.59,0
241,1,136.04,0
51,1,337.04,0
24,3,740.79,0
14,14,4393.61,0
371,1,353.19,0
28,1,288.14,0
364,1,300.91999999999996,0
35,5,737.81,0
165,3,811.45,0
144,1,152.68,0
21,1,634.95,0
55,1,20.8,0
184,1,198.57,0
11,8,191.17000000000002,0
236,3,630.84,0
224,2,93.35,0
121,6,629.6899999999999,0
281,1,76.1,0
73,12,1511.3,0
36,2,382.06,0
11,2,417.23,0
361,1,169.47,0
3,2,249.72,0
22,1,444.68,0
69,9,2116.19,0
234,2,252.24,0
256,1,174.8,0
372,1,102.78999999999999,0
154,2,187.29,0
27,1,166.42,0
3,1,120.03,0
31,5,1483.56,0
80,3,523.0,0
107,2,122.14,0
51,1,38.45,0
35,1,668.11,0
152,3,236.77999999999997,0
98,1,115.31,0
3,3,220.7,0
333,1,73.5,0
64,1,97.97,0
21,2,422.88,0
35,3,730.4,0
31,3,405.62,0
153,6,70.02,0
18,2,357.20000000000005,0
11,22,4161.14,0
53,1,165.04999999999998,0
24,3,559.51,0
3,11,2085.65,0
44,1,189.4,0
202,2,172.29000000000002,0
358,1,74.4,0
65,2,297.07,0
6,11,6752.14,0
287,1,363.65,0
9,1,170.16,0
8,4,296.71,0
21,10,2119.41,0
172,3,720.52,0
132,2,814.0,0
5,15,2380.08,0
74,1,318.0,0
39,1,396.33,0
288,1,101.69999999999999,0
25,7,2021.82,0
257,2,453.0,0
154,2,-5.329070518200751e-15,0
113,13,3864.44,0
373,1,489.6,0
22,14,2538.7200000000003,0
7,11,2633.0099999999998,0
216,2,336.13,0
44,4,3651.97,0
18,2,1231.5,0
35,3,343.45,0
25,1,703.37,0
15,2,87.52999999999999,0
329,2,689.95,0
273,1,101.34,0
97,4,3770.1199999999994,0
60,1,167.67000000000002,0
1,12,9065.76,3
92,5,2083.42,0
81,7,3017.3,0
311,2,580.0500000000001,0
11,3,911.15,0
7,7,2692.85,0
126,1,168.31,0
10,2,223.65,0
0,62,256438.49,1
36,1,754.64,0
37,1,113.48000000000002,0
329,1,430.7,0
248,2,264.65,0
1,31,7925.32,3
18,2,206.05,0
11,2,352.69,0
368,1,76.32000000000001,0
289,1,220.1,0
67,8,1418.03,0
25,1,320.72,0
10,31,5595.77,0
367,1,181.12,0
213,1,111.15,0
148,2,673.1,0
7,6,1826.21,0
23,2,589.4399999999999,0
29,5,1141.34,0
60,1,206.82999999999998,0
18,3,348.73,0
242,1,112.55000000000001,0
8,4,1045.74,0
210,2,715.4999999999999,0
28,5,681.9100000000001,0
62,4,761.83,0
294,1,152.65,0
16,8,8393.22,3
360,1,-35.400000000000006,0
150,4,1014.9,0
116,2,1000.16,0
7,12,2888.75,0
12,4,2861.55,0
140,2,160.35000000000002,0
45,2,179.33999999999997,0
50,3,612.0799999999999,0
31,3,566.58,0
134,2,653.35,0
2,2,399.19,0
74,4,347.82,0
12,2,734.94,0
8,3,451.75,0
300,1,530.15,0
56,2,638.0600000000001,0
9,6,1612.79,0
30,2,394.7,0
176,1,302.46000000000004,0
3,6,1355.51,0
175,9,1133.64,0
60,1,202.65,0
32,3,980.31,0
58,7,1208.51,0
14,25,7490.17,0
86,4,2106.84,0
6,1,104.0,0
353,2,448.65,0
30,7,1314.17,0
113,6,1573.41,0
8,6,1793.17,0
4,6,1843.75,0
23,1,382.8,0
217,6,600.52,0
14,1,49.8,0
248,1,304.25,0
14,4,1998.49,0
77,3,1084.34,0
191,3,274.51,0
261,1,207.79999999999998,0
71,1,957.97,0
150,3,212.96,0
63,2,896.0,0
94,2,689.13,0
3,21,5083.06,0
105,1,163.8,0
199,3,1396.99,0
156,1,160.42000000000002,0
70,4,1979.3,0
35,2,517.36,0
28,1,139.10000000000002,0
1,6,2621.38,0
25,5,600.07,0
325,1,248.42,0
236,1,232.48000000000002,0
88,1,299.34000000000003,0
30,1,481.75,0
28,2,621.75,0
205,4,626.38,0
2,11,2019.77,0
219,2,297.78000000000003,0
21,6,1033.31,0
92,1,443.0,0
1,27,6315.2300000000005,0
263,1,158.95000000000002,0
2,17,5361.02,0
38,14,5192.1,0
217,1,93.75,0
49,3,769.2,0
11,20,7276.900000000001,0
8,10,2716.6000000000004,0
191,6,2066.17,0
81,5,582.47,0
325,1,440.0,0
71,3,1796.48,0
29,6,882.24,0
2,5,987.1,0
218,5,1561.6100000000001,0
45,1,422.58,0
9,18,2058.09,0
71,4,2232.4900000000002,0
6,8,2507.56,0
23,2,596.1,0
113,4,783.02,0
16,1,95.34,0
300,2,342.92,0
86,1,4314.72,0
50,2,526.67,0
88,1,103.3,0
354,1,-50.1,0
38,12,2265.38,0
24,3,2338.6000000000004,0
172,8,2595.0,0
42,2,324.24,0
139,1,149.48,0
22,4,1211.08,0
71,2,801.51,0
133,2,0.0,0
357,2,138.9,0
37,3,238.95000000000002,0
2,7,3064.78,0
1,3,204.0,0
17,2,1.7763568394002505e-15,0
20,3,323.36,0
57,2,97.63,0
73,1,173.9,0
277,1,180.60000000000002,0
180,1,80.82,0
7,3,176.6,0
3,16,2094.88,0
42,3,1837.28,0
